id,name,website,hq_or_states,source_of_name,source_url,source_type,notes,ce_verified_partner,fee_schedule_published,transparency_gate,all_in_eligible,grade_status,nr_flag,exit_flag,grade_v1,grade_v2_score,graded_as_of,grade_notes
triumph-business-capital,Triumph Business Capital,https://triumph.io/solutions/factoring,TX Dallas area,CarrierEdge factoring-index Verified Partner + company site,https://carrieredge.io/factoring-index.html,primary,aka Triumph Financial Services / formerly Advance Business Capital; CE Verified Partner; canonical site triumph.io,Y,Unknown,fail,N,Incomplete,Unknown,Unknown,Incomplete — no verified published fee schedule in census; visible in search; cannot win All-In/best.,,2026-09-16,Prefer Incomplete over invented fees. Partner badge (if any) does not change grade.
otr-solutions,OTR Solutions,https://otrsolutions.com/,GA Roswell,CarrierEdge factoring-index Verified Partner (as OTR Capital) + company site,https://carrieredge.io/factoring-index.html,primary,aka OTR Capital (otrcapital.com redirects here); CE Verified Partner,Y,Unknown,fail,N,Incomplete,Unknown,Unknown,Incomplete — no verified published fee schedule in census; visible in search; cannot win All-In/best.,,2026-09-16,Prefer Incomplete over invented fees. Partner badge (if any) does not change grade.
porter-freight-funding,Porter Freight Funding,https://porterfreightfunding.com/,,CarrierEdge factoring-index Verified Partner + company site,https://carrieredge.io/factoring-index.html,primary,aka Porter Freight Capital / freight division of Porter Capital; CE Verified Partner,Y,Unknown,fail,N,Incomplete,Unknown,Unknown,Incomplete — no verified published fee schedule in census; visible in search; cannot win All-In/best.,,2026-09-16,Prefer Incomplete over invented fees. Partner badge (if any) does not change grade.
rts-financial,RTS Financial,https://rtsinc.com/,KS Overland Park,Seed + company site + listicles,https://rtsinc.com/,primary,Shamrock Trading Corp family; rtsfinancial.com often redirects/frozen — use rtsinc.com,Y,Unknown,fail,N,Incomplete,Unknown,Unknown,Incomplete — no verified published fee schedule in census; visible in search; cannot win All-In/best.,,2026-09-16,Prefer Incomplete over invented fees. Partner badge (if any) does not change grade.
thunder-funding,Thunder Funding,https://thunderfunding.com/,,Seed + company site,https://thunderfunding.com/,primary,,Y,Unknown,fail,N,Incomplete,Unknown,Unknown,Incomplete — no verified published fee schedule in census; visible in search; cannot win All-In/best.,,2026-09-16,Prefer Incomplete over invented fees. Partner badge (if any) does not change grade.
riviera-finance,Riviera Finance,https://www.rivierafinance.com/,,Seed + company site,https://www.rivierafinance.com/,primary,Founded 1969; national branch network,Y,Unknown,fail,N,Incomplete,Unknown,Unknown,Incomplete — no verified published fee schedule in census; visible in search; cannot win All-In/best.,,2026-09-16,Prefer Incomplete over invented fees. Partner badge (if any) does not change grade.
apex-capital,Apex Capital,https://www.apexcapitalcorp.com/,TX Fort Worth,Seed + company site,https://www.apexcapitalcorp.com/,primary,,N,Unknown,fail,N,Incomplete,Unknown,Unknown,Incomplete — no verified published fee schedule in census; visible in search; cannot win All-In/best.,,2026-09-16,Prefer Incomplete over invented fees. Partner badge (if any) does not change grade.
dat-outgo,DAT Outgo,https://outgo.dat.com/,,Seed + company site,https://outgo.dat.com/,primary,aka Outgo by DAT; DAT Freight & Analytics backed,N,Y,pass,Y,Transparency-pass,Unknown,Unknown,Eligible for All-In $ sort when volume inputs present; public fee schedule known. Composite v2 weights deferred until full fee cells sourced.,,2026-09-16,Scout: feeSchedulePublished=Y (public primary). Do not invent All-In $ here — compute in CE engine.
bobtail,Bobtail,https://www.bobtail.com/,,Seed + company site,https://www.bobtail.com/,primary,Fintech factoring,N,Unknown,fail,N,Incomplete,Unknown,Unknown,Incomplete — no verified published fee schedule in census; visible in search; cannot win All-In/best.,,2026-09-16,Prefer Incomplete over invented fees. Partner badge (if any) does not change grade.
tafs,TAFS,https://tafs.com/,KS Olathe,Seed + company site (redirect),https://tafs.com/,primary,aka TransAm Financial Services; tafs.com redirects to eCapital — reportedly absorbed; retain seed row for census continuity,N,Unknown,fail,N,Incomplete,Unknown,Unknown,Incomplete — no verified published fee schedule in census; visible in search; cannot win All-In/best.,,2026-09-16,Prefer Incomplete over invented fees. Partner badge (if any) does not change grade.
tbs-factoring,TBS Factoring Service,https://tbsfactoring.com/,OK Oklahoma City,Seed + company site,https://tbsfactoring.com/,primary,Acquired by Love's Financial (late 2025 per listicles); still marketed as TBS,N,Unknown,fail,N,Incomplete,Unknown,Unknown,Incomplete — no verified published fee schedule in census; visible in search; cannot win All-In/best.,,2026-09-16,Prefer Incomplete over invented fees. Partner badge (if any) does not change grade.
trucksmarter,TruckSmarter,https://www.trucksmarter.com/,,Seed + company site,https://www.trucksmarter.com/,primary,Factoring/banking powered by OTR Solutions post-acquisition; brand still distinct in market,N,Unknown,fail,N,Incomplete,Unknown,Unknown,Incomplete — no verified published fee schedule in census; visible in search; cannot win All-In/best.,,2026-09-16,Prefer Incomplete over invented fees. Partner badge (if any) does not change grade.
basicblock,BasicBlock,https://basicblock.io/,NE Lincoln,Seed + company site,https://basicblock.io/,primary,,N,Unknown,fail,N,Incomplete,Unknown,Unknown,Incomplete — no verified published fee schedule in census; visible in search; cannot win All-In/best.,,2026-09-16,Prefer Incomplete over invented fees. Partner badge (if any) does not change grade.
haulpay,HaulPay,https://haulpay.io/,,Seed + company site,https://haulpay.io/,primary,aka ComFreight / Haulpay; comfreight.com redirects to haulpay.io; Dakota Financial ownership noted in listicles,N,Unknown,fail,N,Incomplete,Unknown,Unknown,Incomplete — no verified published fee schedule in census; visible in search; cannot win All-In/best.,,2026-09-16,Prefer Incomplete over invented fees. Partner badge (if any) does not change grade.
england-carrier-services,England Carrier Services,https://www.englandlogistics.com/,UT Salt Lake City,Seed (England Logistics factoring) + ATS listicle,https://www.englandlogistics.com/,listicle,Division of England Logistics / C.R. England; factoring under ECS,N,Unknown,fail,N,Incomplete,Unknown,Unknown,Incomplete — no verified published fee schedule in census; visible in search; cannot win All-In/best.,,2026-09-16,Prefer Incomplete over invented fees. Partner badge (if any) does not change grade.
loves-financial,Love's Financial,https://www.lovesfinancial.com/,OK Oklahoma City,ATS listicle + company site,https://www.lovesfinancial.com/,primary,"Acquired TBS, Saint John Capital, Vero/Foley factoring books per public coverage",N,Unknown,fail,N,Incomplete,Unknown,Unknown,Incomplete — no verified published fee schedule in census; visible in search; cannot win All-In/best.,,2026-09-16,Prefer Incomplete over invented fees. Partner badge (if any) does not change grade.
ecapital,eCapital,https://ecapital.com/,FL Aventura,ATS + company site,https://ecapital.com/,primary,Transportation/freight factoring arm; TAFS brand redirects here,N,Unknown,fail,N,Incomplete,Unknown,Unknown,Incomplete — no verified published fee schedule in census; visible in search; cannot win All-In/best.,,2026-09-16,Prefer Incomplete over invented fees. Partner badge (if any) does not change grade.
firstline-funding-group,FirstLine Funding Group,https://www.bankeasy.com/firstline-funding-group,SD Madison,IFA ally listing + ATS,https://www.factoring.org/vendor_details.asp?ID=3757,association,Division of First Bank & Trust; firstlinefundinggroup.com redirects to bankeasy,N,Unknown,fail,N,Incomplete,Unknown,Unknown,Incomplete — no verified published fee schedule in census; visible in search; cannot win All-In/best.,,2026-09-16,Prefer Incomplete over invented fees. Partner badge (if any) does not change grade.
saint-john-capital,Saint John Capital,https://www.saintjohncapital.com/,IL Chicago,ATS + TruckingWay,https://www.saintjohncapital.com/,primary,Acquired by Love's Financial per listicles; brand still listed,N,Unknown,fail,N,Incomplete,Unknown,Unknown,Incomplete — no verified published fee schedule in census; visible in search; cannot win All-In/best.,,2026-09-16,Prefer Incomplete over invented fees. Partner badge (if any) does not change grade.
scale-funding,Scale Funding,https://getscalefunding.com/,MN,TruckingWay + company site,https://getscalefunding.com/,primary,Formerly TCI Business Capital; division of Scale Bank,N,Unknown,fail,N,Incomplete,Unknown,Unknown,Incomplete — no verified published fee schedule in census; visible in search; cannot win All-In/best.,,2026-09-16,Prefer Incomplete over invented fees. Partner badge (if any) does not change grade.
acs-factors,ACS Factors,https://acsfactors.com/,CA Upland,TruckingWay + company site,https://acsfactors.com/,primary,Advanced Capital Solutions,N,Unknown,fail,N,Incomplete,Unknown,Unknown,Incomplete — no verified published fee schedule in census; visible in search; cannot win All-In/best.,,2026-09-16,Prefer Incomplete over invented fees. Partner badge (if any) does not change grade.
sound-finance,Sound Finance,https://www.soundfinance.com/,CA / WA roots,TruckingWay,https://www.soundfinance.com/,primary,,N,Unknown,fail,N,Incomplete,Unknown,Unknown,Incomplete — no verified published fee schedule in census; visible in search; cannot win All-In/best.,,2026-09-16,Prefer Incomplete over invented fees. Partner badge (if any) does not change grade.
altline,altLINE,https://altline.sobanco.com/,,NerdWallet + Small Fleet HQ + company,https://altline.sobanco.com/,primary,Factoring division of The Southern Bank Company,N,Unknown,fail,N,Incomplete,Unknown,Unknown,Incomplete — no verified published fee schedule in census; visible in search; cannot win All-In/best.,,2026-09-16,Prefer Incomplete over invented fees. Partner badge (if any) does not change grade.
transportation-management-group,Transportation Management Group,https://tmanagementgroup.com/,,NerdWallet,https://tmanagementgroup.com/,primary,,N,Unknown,fail,N,Incomplete,Unknown,Unknown,Incomplete — no verified published fee schedule in census; visible in search; cannot win All-In/best.,,2026-09-16,Prefer Incomplete over invented fees. Partner badge (if any) does not change grade.
single-point-capital,Single Point Capital,https://singlepointcapital.com/,,NerdWallet + InvoiceFactoringIndex,https://singlepointcapital.com/,primary,,N,Unknown,fail,N,Incomplete,Unknown,Unknown,Incomplete — no verified published fee schedule in census; visible in search; cannot win All-In/best.,,2026-09-16,Prefer Incomplete over invented fees. Partner badge (if any) does not change grade.
wex-capital,WEX Capital,https://www.wexinc.com/,TN Nashville (WEX Capital),ATS listicle,https://www.atsinc.com/blog/carriers/top-factoring-companies-for-trucking,listicle,Factoring division of WEX Inc / Fleet One ecosystem; confirm freight-factoring product page in Phase 2,N,Unknown,fail,N,Incomplete,Unknown,Unknown,Incomplete — no verified published fee schedule in census; visible in search; cannot win All-In/best.,,2026-09-16,Prefer Incomplete over invented fees. Partner badge (if any) does not change grade.
truckstop-factoring,Truckstop Factoring,https://truckstop.com/carriers/transportation-factoring/,ID New Plymouth,ATS + Truckstop,https://truckstop.com/carriers/transportation-factoring/,primary,aka Truckstop Go Capital; absorbed D&S Factors (2018),N,Unknown,fail,N,Incomplete,Unknown,Unknown,Incomplete — no verified published fee schedule in census; visible in search; cannot win All-In/best.,,2026-09-16,Prefer Incomplete over invented fees. Partner badge (if any) does not change grade.
compass-funding-solutions,Compass Funding Solutions,https://compassfundingsolutions.com/,IL Clarendon Hills,ATS listicle + site,https://compassfundingsolutions.com/,primary,compassfunding.com DNS unreliable; use compassfundingsolutions.com,N,Unknown,fail,N,Incomplete,Unknown,Unknown,Incomplete — no verified published fee schedule in census; visible in search; cannot win All-In/best.,,2026-09-16,Prefer Incomplete over invented fees. Partner badge (if any) does not change grade.
phoenix-capital-group,Phoenix Capital Group,https://pcgfactoring.com/,AZ Scottsdale/Phoenix,ATS + InvoiceFactoringIndex,https://pcgfactoring.com/,primary,phoenixcapitalgroup.com redirects to pcgfactoring.com,N,Unknown,fail,N,Incomplete,Unknown,Unknown,Incomplete — no verified published fee schedule in census; visible in search; cannot win All-In/best.,,2026-09-16,Prefer Incomplete over invented fees. Partner badge (if any) does not change grade.
1st-commercial-credit,1st Commercial Credit,https://www.1stcommercialcredit.com/,TX Austin,Company site + TruckersReport,https://www.1stcommercialcredit.com/,primary,,N,Unknown,fail,N,Incomplete,Unknown,Unknown,Incomplete — no verified published fee schedule in census; visible in search; cannot win All-In/best.,,2026-09-16,Prefer Incomplete over invented fees. Partner badge (if any) does not change grade.
american-receivable,American Receivable,https://americanreceivable.com/,TX Dallas area,InvoiceFactoringIndex + company,https://americanreceivable.com/,primary,,N,Unknown,fail,N,Incomplete,Unknown,Unknown,Incomplete — no verified published fee schedule in census; visible in search; cannot win All-In/best.,,2026-09-16,Prefer Incomplete over invented fees. Partner badge (if any) does not change grade.
quickpay-funding,Quickpay Funding,https://quickpayfunding.com/,,InvoiceFactoringIndex + company,https://quickpayfunding.com/,primary,,N,Unknown,fail,N,Incomplete,Unknown,Unknown,Incomplete — no verified published fee schedule in census; visible in search; cannot win All-In/best.,,2026-09-16,Prefer Incomplete over invented fees. Partner badge (if any) does not change grade.
summar-financial,Summar Financial,https://summar.com/,,InvoiceFactoringIndex + company,https://summar.com/,primary,Summar Shield non-recourse marketing,N,Unknown,fail,N,Incomplete,Unknown,Unknown,Incomplete — no verified published fee schedule in census; visible in search; cannot win All-In/best.,,2026-09-16,Prefer Incomplete over invented fees. Partner badge (if any) does not change grade.
tetra-capital,Tetra Capital,https://tetracapital.com/,,InvoiceFactoringIndex + company,https://tetracapital.com/,primary,,N,Unknown,fail,N,Incomplete,Unknown,Unknown,Incomplete — no verified published fee schedule in census; visible in search; cannot win All-In/best.,,2026-09-16,Prefer Incomplete over invented fees. Partner badge (if any) does not change grade.
integrity-factoring,Integrity Factoring,https://www.integrityfactoring.com/,,InvoiceFactoringIndex + company,https://www.integrityfactoring.com/,primary,,N,Unknown,fail,N,Incomplete,Unknown,Unknown,Incomplete — no verified published fee schedule in census; visible in search; cannot win All-In/best.,,2026-09-16,Prefer Incomplete over invented fees. Partner badge (if any) does not change grade.
capital-credit,Capital Credit,https://www.capitalcredit.com/,,Company trucking industry page,https://www.capitalcredit.com/industries/trucking-companies,primary,,N,Unknown,fail,N,Incomplete,Unknown,Unknown,Incomplete — no verified published fee schedule in census; visible in search; cannot win All-In/best.,,2026-09-16,Prefer Incomplete over invented fees. Partner badge (if any) does not change grade.
freight-factoring-specialists,Freight Factoring Specialists,https://truckingcapital.com/,,Company site,https://truckingcapital.com/,primary,TruckingCapital.com brand,N,Unknown,fail,N,Incomplete,Unknown,Unknown,Incomplete — no verified published fee schedule in census; visible in search; cannot win All-In/best.,,2026-09-16,Prefer Incomplete over invented fees. Partner badge (if any) does not change grade.
gulf-coast-business-credit,Gulf Coast Business Credit,https://gulfcoastbc.com/,,Company transportation page,https://gulfcoastbc.com/financial-solutions/industries-we-service/freight-transportation/,primary,,N,Unknown,fail,N,Incomplete,Unknown,Unknown,Incomplete — no verified published fee schedule in census; visible in search; cannot win All-In/best.,,2026-09-16,Prefer Incomplete over invented fees. Partner badge (if any) does not change grade.
far-west-capital,Far West Capital,https://www.farwestcapital.com/,,Company freight factoring page,https://www.farwestcapital.com/transportation/freight-factoring/,primary,,N,Unknown,fail,N,Incomplete,Unknown,Unknown,Incomplete — no verified published fee schedule in census; visible in search; cannot win All-In/best.,,2026-09-16,Prefer Incomplete over invented fees. Partner badge (if any) does not change grade.
security-business-capital,Security Business Capital,https://www.mysbcapital.com/,TX,Company transportation page,https://www.mysbcapital.com/industries-we-serve/transportation-factoring/,primary,,N,Unknown,fail,N,Incomplete,Unknown,Unknown,Incomplete — no verified published fee schedule in census; visible in search; cannot win All-In/best.,,2026-09-16,Prefer Incomplete over invented fees. Partner badge (if any) does not change grade.
big-brother-financial,Big Brother Financial,https://www.bigbrotherfinancial.com/,TX,Company freight factoring page,https://www.bigbrotherfinancial.com/freight-factoring/,primary,,N,Unknown,fail,N,Incomplete,Unknown,Unknown,Incomplete — no verified published fee schedule in census; visible in search; cannot win All-In/best.,,2026-09-16,Prefer Incomplete over invented fees. Partner badge (if any) does not change grade.
steelhead-finance,Steelhead Finance,https://steelheadfinance.com/,OR Medford,TruckersReport + company,https://steelheadfinance.com/,primary,,N,Unknown,fail,N,Incomplete,Unknown,Unknown,Incomplete — no verified published fee schedule in census; visible in search; cannot win All-In/best.,,2026-09-16,Prefer Incomplete over invented fees. Partner badge (if any) does not change grade.
orange-commercial-credit,Orange Commercial Credit,https://www.occfactor.com/,WA Olympia,TruckersReport + company,https://www.occfactor.com/,primary,,N,Unknown,fail,N,Incomplete,Unknown,Unknown,Incomplete — no verified published fee schedule in census; visible in search; cannot win All-In/best.,,2026-09-16,Prefer Incomplete over invented fees. Partner badge (if any) does not change grade.
cashway-funding,Cashway Funding,https://www.cashwayfunding.com/,,Dispatched honorable mention + company,https://www.cashwayfunding.com/,primary,,N,Unknown,fail,N,Incomplete,Unknown,Unknown,Incomplete — no verified published fee schedule in census; visible in search; cannot win All-In/best.,,2026-09-16,Prefer Incomplete over invented fees. Partner badge (if any) does not change grade.
viva-capital,Viva Capital,https://vivacf.net/,TX El Paso,FreightWaves Checkpoint + company,https://vivacf.net/transportation/,primary,,N,Unknown,fail,N,Incomplete,Unknown,Unknown,Incomplete — no verified published fee schedule in census; visible in search; cannot win All-In/best.,,2026-09-16,Prefer Incomplete over invented fees. Partner badge (if any) does not change grade.
nationwide-commercial-credit,Nationwide Commercial Credit,https://www.nationwidecommercialcredit.com/,,FreightWaves Checkpoint + company,https://www.nationwidecommercialcredit.com/industries/trucking-freight,primary,aka Nationwide Carrier Pay program,N,Unknown,fail,N,Incomplete,Unknown,Unknown,Incomplete — no verified published fee schedule in census; visible in search; cannot win All-In/best.,,2026-09-16,Prefer Incomplete over invented fees. Partner badge (if any) does not change grade.
chc-factoring,CHC Factoring,https://chcfactoring.com/,,Company site,https://chcfactoring.com/,primary,,N,Unknown,fail,N,Incomplete,Unknown,Unknown,Incomplete — no verified published fee schedule in census; visible in search; cannot win All-In/best.,,2026-09-16,Prefer Incomplete over invented fees. Partner badge (if any) does not change grade.
capital-depot,Capital Depot,https://capitaldepot.com/,IL Morton Grove,QuickTransportSolutions directory + company,https://capitaldepot.com/,directory,,N,Unknown,fail,N,Incomplete,Unknown,Unknown,Incomplete — no verified published fee schedule in census; visible in search; cannot win All-In/best.,,2026-09-16,Prefer Incomplete over invented fees. Partner badge (if any) does not change grade.
ifxi,IFXI,https://ifxi.com/,,Company freight factoring pages,https://ifxi.com/freight-factoring/,primary,,N,Y,pass,Y,Transparency-pass,Unknown,Unknown,Eligible for All-In $ sort when volume inputs present; public fee schedule known. Composite v2 weights deferred until full fee cells sourced.,,2026-09-16,Scout: feeSchedulePublished=Y (public primary). Do not invent All-In $ here — compute in CE engine.
express-freight-finance,Express Freight Finance,https://expressfreightfinance.com/,,Company site,https://expressfreightfinance.com/factoring-for-carriers/,primary,,N,Unknown,fail,N,Incomplete,Unknown,Unknown,Incomplete — no verified published fee schedule in census; visible in search; cannot win All-In/best.,,2026-09-16,Prefer Incomplete over invented fees. Partner badge (if any) does not change grade.
vma4,VMA4,https://vma4.com/,,Company factoring page,https://vma4.com/factoring/,primary,,N,Unknown,fail,N,Incomplete,Unknown,Unknown,Incomplete — no verified published fee schedule in census; visible in search; cannot win All-In/best.,,2026-09-16,Prefer Incomplete over invented fees. Partner badge (if any) does not change grade.
infinite-capital-funding,Infinite Capital Funding,https://icfundingnow.com/,,Company transportation page,https://www.icfundingnow.com/transportation.html,primary,,N,Y,pass,Y,Transparency-pass,Unknown,Unknown,Eligible for All-In $ sort when volume inputs present; public fee schedule known. Composite v2 weights deferred until full fee cells sourced.,,2026-09-16,Scout: feeSchedulePublished=Y (public primary). Do not invent All-In $ here — compute in CE engine.
factorloads,FactorLoads,https://www.factorloads.com/,UT Heber City,QuickTransportSolutions directory + company,https://www.factorloads.com/,directory,,N,Unknown,fail,N,Incomplete,Unknown,Unknown,Incomplete — no verified published fee schedule in census; visible in search; cannot win All-In/best.,,2026-09-16,Prefer Incomplete over invented fees. Partner badge (if any) does not change grade.
match-factors,Match Factors,https://www.matchfactors.com/,SC Florence,QuickTransportSolutions + company,https://www.matchfactors.com/,directory,,N,Unknown,fail,N,Incomplete,Unknown,Unknown,Incomplete — no verified published fee schedule in census; visible in search; cannot win All-In/best.,,2026-09-16,Prefer Incomplete over invented fees. Partner badge (if any) does not change grade.
g-squared-funding,G Squared Funding,https://gsquaredfunding.com/,GA Marietta,QuickTransportSolutions + company,https://gsquaredfunding.com/,directory,,N,Unknown,fail,N,Incomplete,Unknown,Unknown,Incomplete — no verified published fee schedule in census; visible in search; cannot win All-In/best.,,2026-09-16,Prefer Incomplete over invented fees. Partner badge (if any) does not change grade.
commercial-funding,Commercial Funding,https://www.commercialfund.com/,UT Salt Lake City,InvoiceFactoringIndex (as Transfac) + redirect,https://www.commercialfund.com/,primary,Formerly Transfac Capital; transfac.com redirects here,N,Unknown,fail,N,Incomplete,Unknown,Unknown,Incomplete — no verified published fee schedule in census; visible in search; cannot win All-In/best.,,2026-09-16,Prefer Incomplete over invented fees. Partner badge (if any) does not change grade.
fast-ar-funding,Fast A/R Funding,https://www.fastarfunding.com/,CA Calabasas,QuickTransportSolutions + company,https://www.fastarfunding.com/,directory,,N,Unknown,fail,N,Incomplete,Unknown,Unknown,Incomplete — no verified published fee schedule in census; visible in search; cannot win All-In/best.,,2026-09-16,Prefer Incomplete over invented fees. Partner badge (if any) does not change grade.
catamount-funding,Catamount Funding,https://catamountfunding.com/,TX Houston,Company freight factoring page,https://catamountfunding.com/factoring-services/freight-factoring/,primary,,N,Unknown,fail,N,Incomplete,Unknown,Unknown,Incomplete — no verified published fee schedule in census; visible in search; cannot win All-In/best.,,2026-09-16,Prefer Incomplete over invented fees. Partner badge (if any) does not change grade.
factortek,FactorTek,https://factortek.com/,FL Miami,Company site,https://factortek.com/,primary,,N,Unknown,fail,N,Incomplete,Unknown,Unknown,Incomplete — no verified published fee schedule in census; visible in search; cannot win All-In/best.,,2026-09-16,Prefer Incomplete over invented fees. Partner badge (if any) does not change grade.
integra-funding,Integra Funding Solutions,https://integrafunding.com/,TX Fort Worth,FactoringClub + company,https://integrafunding.com/freight-factoring/,directory,,N,Unknown,fail,N,Incomplete,Unknown,Unknown,Incomplete — no verified published fee schedule in census; visible in search; cannot win All-In/best.,,2026-09-16,Prefer Incomplete over invented fees. Partner badge (if any) does not change grade.
routiqo,Routiqo,https://routiqo.com/,,TruckingWay (Matrack Factoring),https://www.truckingway.com/best-factoring-companies/,listicle,Matrack telematics brand expansion into factoring; newer entrant (2025),N,Unknown,fail,N,Incomplete,Unknown,Unknown,Incomplete — no verified published fee schedule in census; visible in search; cannot win All-In/best.,,2026-09-16,Prefer Incomplete over invented fees. Partner badge (if any) does not change grade.
pathward-crestmark,Pathward Crestmark,https://www.pathward.com/,,TruckingWay (Crestmark),https://www.truckingway.com/best-factoring-companies/,listicle,Crestmark Commercial Finance → Pathward N.A.; bank-backed commercial finance / factoring,N,Unknown,fail,N,Incomplete,Unknown,Unknown,Incomplete — no verified published fee schedule in census; visible in search; cannot win All-In/best.,,2026-09-16,Prefer Incomplete over invented fees. Partner badge (if any) does not change grade.
prestige-capital,Prestige Capital,https://www.prestigecapital.com/,,FactoringClub / general factor serving transportation,https://www.prestigecapital.com/,directory,General commercial factor; markets transportation — verify freight program depth in Phase 2,N,Unknown,fail,N,Incomplete,Unknown,Unknown,Incomplete — no verified published fee schedule in census; visible in search; cannot win All-In/best.,,2026-09-16,Prefer Incomplete over invented fees. Partner badge (if any) does not change grade.
provident-commercial-finance,Provident Commercial Finance,https://getprovidentfunding.com/,TN Chattanooga,FactoringClub + company site,https://getprovidentfunding.com/,primary,Scale Bank division; transportation factoring page,N,Unknown,fail,N,Incomplete,Unknown,Unknown,Incomplete — no verified published fee schedule in census; visible in search; cannot win All-In/best.,,2026-09-16,Prefer Incomplete over invented fees. Partner badge (if any) does not change grade.
accutrac-capital,Accutrac Capital,https://www.abfjournal.com/global-merchant-fund-acquires-accutrac-capital/,,ABF Journal / FreightFinder,https://www.abfjournal.com/global-merchant-fund-acquires-accutrac-capital/,other,Historical trucking factor; acquired — notes=dead-or-redirect for consumer site,N,Unknown,fail,N,Incomplete,Unknown,Unknown,Incomplete — no verified published fee schedule in census; visible in search; cannot win All-In/best.,,2026-09-16,Prefer Incomplete over invented fees. Partner badge (if any) does not change grade.
gateway-commercial-finance,Gateway Commercial Finance,https://gatewaycf.com/,,TruckersReport reviews list + site,https://gatewaycf.com/,listicle,gatewaycommercial.com also resolves,N,Unknown,fail,N,Incomplete,Unknown,Unknown,Incomplete — no verified published fee schedule in census; visible in search; cannot win All-In/best.,,2026-09-16,Prefer Incomplete over invented fees. Partner badge (if any) does not change grade.
bibby-financial-services,Bibby Financial Services,https://www.bibbyfinancialservices.com/,IL Downers Grove area,QuickTransportSolutions (Bibby/FreightCheck),https://www.bibbyfinancialservices.com/,directory,aka FreightCheck heritage in trucking reviews; verify US trucking desk in Phase 2,N,Unknown,fail,N,Incomplete,Unknown,Unknown,Incomplete — no verified published fee schedule in census; visible in search; cannot win All-In/best.,,2026-09-16,Prefer Incomplete over invented fees. Partner badge (if any) does not change grade.
charter-capital,Charter Capital,https://www.chartercapital.com/,TX Houston,QuickTransportSolutions directory,https://www.quicktransportsolutions.com/freight-factoring-companies.php,directory,SSL/access intermittent during census probe; listed as AR factoring incl. transport,N,Unknown,fail,N,Incomplete,Unknown,Unknown,Incomplete — no verified published fee schedule in census; visible in search; cannot win All-In/best.,,2026-09-16,Prefer Incomplete over invented fees. Partner badge (if any) does not change grade.
commercial-capital-llc,Commercial Capital LLC,https://www.quicktransportsolutions.com/freight-factoring-companies.php,FL Miami,QuickTransportSolutions directory,https://www.quicktransportsolutions.com/freight-factoring-companies.php,directory,Phase 2: confirm canonical domain still active; also discovered as New Century Financial; also discovered as American Freight Factors; also discovered as Factor For Now; also discovered as Quick Freight Factors; also discovered as 1st Trucking Factoring; also discovered as Nationwide Transport Finance; also discovered as United California Discount Corporation; also discovered as Global Financial Factoring,N,Unknown,fail,N,Incomplete,Unknown,Unknown,Incomplete — no verified published fee schedule in census; visible in search; cannot win All-In/best.,,2026-09-16,Prefer Incomplete over invented fees. Partner badge (if any) does not change grade.
neal-freeman-investments,Neal Freeman Investments,https://nealfreeman.com/,WA Spanaway,QuickTransportSolutions + site,https://nealfreeman.com/,directory,Transportation factoring since ~2000,N,Unknown,fail,N,Incomplete,Unknown,Unknown,Incomplete — no verified published fee schedule in census; visible in search; cannot win All-In/best.,,2026-09-16,Prefer Incomplete over invented fees. Partner badge (if any) does not change grade.
trucker-funds,TruckerFunds,https://truckerfunds.com/,FL,QuickTransportSolutions + site,https://truckerfunds.com/,directory,Transportation finance division of Anchor Funding Services per directory copy,N,Unknown,fail,N,Incomplete,Unknown,Unknown,Incomplete — no verified published fee schedule in census; visible in search; cannot win All-In/best.,,2026-09-16,Prefer Incomplete over invented fees. Partner badge (if any) does not change grade.
imm-financial,IMM Financial,https://immfinancial.com/,ON Windsor (serves US/Canada),QuickTransportSolutions,https://immfinancial.com/,directory,Cross-border; include cautiously as serving US carriers,N,Unknown,fail,N,Incomplete,Unknown,Unknown,Incomplete — no verified published fee schedule in census; visible in search; cannot win All-In/best.,,2026-09-16,Prefer Incomplete over invented fees. Partner badge (if any) does not change grade.
pay4freight,Pay4Freight,https://pay4freight.com/,TX Lewisville,TruckersReport + QuickTransportSolutions,https://www.thetruckersreport.com/factoring-rates/factoring-companies/,listicle,notes=dead-or-redirect; pay4freight.com redirected to unrelated domain during probe — verify successor URL in Phase 2,N,Unknown,fail,N,Incomplete,Unknown,Unknown,Incomplete — no verified published fee schedule in census; visible in search; cannot win All-In/best.,,2026-09-16,Prefer Incomplete over invented fees. Partner badge (if any) does not change grade.
interstate-capital,Interstate Capital,https://interstatecapital.com/,NM Santa Teresa,InvoiceFactoringIndex + QuickTransportSolutions,https://invoicefactoringindex.com/freight-factoring/companies/,listicle,notes=dead-or-redirect; DNS failure during probe — best historical URL kept,N,Unknown,fail,N,Incomplete,Unknown,Unknown,Incomplete — no verified published fee schedule in census; visible in search; cannot win All-In/best.,,2026-09-16,Prefer Incomplete over invented fees. Partner badge (if any) does not change grade.
denim,Denim,https://www.denim.com/,,InvoiceFactoringIndex tracks as factor,https://invoicefactoringindex.com/freight-factoring/companies/,listicle,Fintech freight payments/factoring — confirm still buys carrier freight invoices (not pure SaaS) in Phase 2,N,Unknown,fail,N,Incomplete,Unknown,Unknown,Incomplete — no verified published fee schedule in census; visible in search; cannot win All-In/best.,,2026-09-16,Prefer Incomplete over invented fees. Partner badge (if any) does not change grade.
dakota-financial,Dakota Financial,https://www.dakotafinancial.com/,,HaulPay ownership context (TruckingWay),https://www.dakotafinancial.com/,listicle,Parent/owner context for HaulPay; confirm direct carrier factoring brand vs HaulPay-only,N,Unknown,fail,N,Incomplete,Unknown,Unknown,Incomplete — no verified published fee schedule in census; visible in search; cannot win All-In/best.,,2026-09-16,Prefer Incomplete over invented fees. Partner badge (if any) does not change grade.
abc-factoring,ABC Factoring,https://abcfactoring.com/,,Domain probe / Advance Business Capital ecosystem,https://abcfactoring.com/,other,Related naming to Advance Business Capital heritage; Phase 2: confirm distinct operating entity vs Triumph history,N,Unknown,fail,N,Incomplete,Unknown,Unknown,Incomplete — no verified published fee schedule in census; visible in search; cannot win All-In/best.,,2026-09-16,Prefer Incomplete over invented fees. Partner badge (if any) does not change grade.
foley-business-capital,Foley Business Capital,https://foleybc.com/,,Love's acquisition coverage + domain,https://loves.com/en/news/2020/july/loves-acquires-vero-business-capital-and-foley-business-capital,other,Acquired into Love's Financial (2020); domain still resolves — treat as legacy brand under Love's,N,Unknown,fail,N,Incomplete,Unknown,Unknown,Incomplete — no verified published fee schedule in census; visible in search; cannot win All-In/best.,,2026-09-16,Prefer Incomplete over invented fees. Partner badge (if any) does not change grade.
oakhill-capital,Oakhill Capital,https://www.thetruckersreport.com/factoring-rates/,,TruckersReport compare offers,https://www.thetruckersreport.com/factoring-rates/,listicle,Listed on TruckersReport factoring offers; Phase 2: confirm canonical URL (oakhillcapital.com 403); also discovered as Corefund Capital; also discovered as CJM Financial; also discovered as FreightCheck,N,Unknown,fail,N,Incomplete,Unknown,Unknown,Incomplete — no verified published fee schedule in census; visible in search; cannot win All-In/best.,,2026-09-16,Prefer Incomplete over invented fees. Partner badge (if any) does not change grade.
ds-factors,D&S Factors,https://dsfactors.com/,,TruckersReport + Truckstop acquisition PR,https://www.prnewswire.com/news-releases/truckstopcom-acquires-ds-factors-expanding-suite-of-payment-services-in-the-transportation-industry-300702722.html,other,Acquired by Truckstop (2018); domain still up — primary brand now Truckstop Factoring,N,Unknown,fail,N,Incomplete,Unknown,Unknown,Incomplete — no verified published fee schedule in census; visible in search; cannot win All-In/best.,,2026-09-16,Prefer Incomplete over invented fees. Partner badge (if any) does not change grade.
go-capital,Go Capital,https://truckstop.com/carriers/transportation-factoring/,,TruckersReport + Truckstop Go Capital naming,https://dispatched.finance/research/best-trucking-factoring-2026,listicle,aka Truckstop Go Capital — deduped toward Truckstop Factoring as primary; retained alias note,N,Unknown,fail,N,Incomplete,Unknown,Unknown,Incomplete — no verified published fee schedule in census; visible in search; cannot win All-In/best.,,2026-09-16,Prefer Incomplete over invented fees. Partner badge (if any) does not change grade.
porter-capital,Porter Capital,https://portercap.com/,,Parent company of Porter Freight Funding,https://portercap.com/factoring-and-financing-for-trucking/,primary,Parent brand; primary carrier-facing product listed as Porter Freight Funding,N,Unknown,fail,N,Incomplete,Unknown,Unknown,Incomplete — no verified published fee schedule in census; visible in search; cannot win All-In/best.,,2026-09-16,Prefer Incomplete over invented fees. Partner badge (if any) does not change grade.
advance-business-capital,Advance Business Capital,https://triumph.io/solutions/factoring,TX Coppell,QuickTransportSolutions historical + Triumph heritage,https://www.quicktransportsolutions.com/freight-factoring-companies.php,directory,"Historical brand; now Triumph Business Capital — aka only, website points to Triumph",N,Unknown,fail,N,Incomplete,Unknown,Unknown,Incomplete — no verified published fee schedule in census; visible in search; cannot win All-In/best.,,2026-09-16,Prefer Incomplete over invented fees. Partner badge (if any) does not change grade.
sunbelt-finance,Sunbelt Finance,https://sunbeltfinance.com/,AR Jonesboro,FactoringClub + company site,https://sunbeltfinance.com/,primary,Nationwide freight factoring program,N,Unknown,fail,N,Incomplete,Unknown,Unknown,Incomplete — no verified published fee schedule in census; visible in search; cannot win All-In/best.,,2026-09-16,Prefer Incomplete over invented fees. Partner badge (if any) does not change grade.
trucking-partners-financial,Trucking Partners Financial,https://www.truckingpartners.com/,AL Cullman,FactoringClub + company site,https://www.truckingpartners.com/,primary,Update URL from directory placeholder,N,Unknown,fail,N,Incomplete,Unknown,Unknown,Incomplete — no verified published fee schedule in census; visible in search; cannot win All-In/best.,,2026-09-16,Prefer Incomplete over invented fees. Partner badge (if any) does not change grade.
diversified-lenders,Diversified Lenders,https://diversifiedlenders.com/,TX Lubbock,FactoringClub + company trucking page,https://diversifiedlenders.com/,primary,Trucking same-day funding / fuel advances marketed,N,Unknown,fail,N,Incomplete,Unknown,Unknown,Incomplete — no verified published fee schedule in census; visible in search; cannot win All-In/best.,,2026-09-16,Prefer Incomplete over invented fees. Partner badge (if any) does not change grade.
transwest-capital,Transwest Capital,https://www.transwestcapital.com/,CA,FactoringClub + company freight page,https://www.transwestcapital.com/services/freight-factoring,primary,Freight/trucking factoring,N,Unknown,fail,N,Incomplete,Unknown,Unknown,Incomplete — no verified published fee schedule in census; visible in search; cannot win All-In/best.,,2026-09-16,Prefer Incomplete over invented fees. Partner badge (if any) does not change grade.
cct-factoring,CCT Factoring,https://cctfactoring.com/,GA Atlanta,Company site (Coeur Capital affiliate),https://cctfactoring.com/,primary,aka Coeur Capital transportation factoring brand,N,Unknown,fail,N,Incomplete,Unknown,Unknown,Incomplete — no verified published fee schedule in census; visible in search; cannot win All-In/best.,,2026-09-16,Prefer Incomplete over invented fees. Partner badge (if any) does not change grade.
coeur-capital,Coeur Capital,https://coeurcap.com/,GA Atlanta,FactoringClub directory,https://coeurcap.com/,directory,Parent/affiliate of CCT Factoring,N,Unknown,fail,N,Incomplete,Unknown,Unknown,Incomplete — no verified published fee schedule in census; visible in search; cannot win All-In/best.,,2026-09-16,Prefer Incomplete over invented fees. Partner badge (if any) does not change grade.
transport-factoring,Transport Factoring,https://www.transportfactoring.com/,TX Irving,Company site,https://www.transportfactoring.com/,primary,Specializes in transportation receivables,N,Unknown,fail,N,Incomplete,Unknown,Unknown,Incomplete — no verified published fee schedule in census; visible in search; cannot win All-In/best.,,2026-09-16,Prefer Incomplete over invented fees. Partner badge (if any) does not change grade.
lfy-llc,LFY LLC,https://lfyllc.com/,,Web search discovery,https://lfyllc.com/,other,Freight factoring / fuel cards marketed; Phase 2 verify scope,N,Unknown,fail,N,Incomplete,Unknown,Unknown,Incomplete — no verified published fee schedule in census; visible in search; cannot win All-In/best.,,2026-09-16,Prefer Incomplete over invented fees. Partner badge (if any) does not change grade.
factor-funding,Factor Funding,https://factorfunding.com/,,Company transport funding page,https://factorfunding.com/transport-funding/,primary,Transport Funding / freight bill factoring,N,Unknown,fail,N,Incomplete,Unknown,Unknown,Incomplete — no verified published fee schedule in census; visible in search; cannot win All-In/best.,,2026-09-16,Prefer Incomplete over invented fees. Partner badge (if any) does not change grade.
united-capital-funding,United Capital Funding,https://ucfunding.com/,,Company site (UC Funding),https://ucfunding.com/,primary,Bank-owned (Gulf Coast Bank); general B2B factoring — confirm freight desk Phase 2,N,Unknown,fail,N,Incomplete,Unknown,Unknown,Incomplete — no verified published fee schedule in census; visible in search; cannot win All-In/best.,,2026-09-16,Prefer Incomplete over invented fees. Partner badge (if any) does not change grade.
tab-bank,TAB Bank,https://www.tabbank.com/,,FreightFinder directory mention + bank site,https://www.tabbank.com/,directory,Bank offering factoring/ABL; Phase 2 confirm carrier freight marketing,N,Unknown,fail,N,Incomplete,Unknown,Unknown,Incomplete — no verified published fee schedule in census; visible in search; cannot win All-In/best.,,2026-09-16,Prefer Incomplete over invented fees. Partner badge (if any) does not change grade.
loadpay,LoadPay,https://loadpay.com/,,Company site,https://loadpay.com/,primary,Trucking financial platform; related Triumph LoadPay ecosystem — confirm distinct factoring product vs Triumph Business Capital,N,Unknown,fail,N,Incomplete,Unknown,Unknown,Incomplete — no verified published fee schedule in census; visible in search; cannot win All-In/best.,,2026-09-16,Prefer Incomplete over invented fees. Partner badge (if any) does not change grade.
bay-view-funding,Bay View Funding,https://www.bayviewfunding.com/,,Web search adjacent to freight factors,https://www.bayviewfunding.com/,other,General factor; Phase 2 confirm freight/trucking marketing,N,Unknown,fail,N,Incomplete,Unknown,Unknown,Incomplete — no verified published fee schedule in census; visible in search; cannot win All-In/best.,,2026-09-16,Prefer Incomplete over invented fees. Partner badge (if any) does not change grade.
transport-funding,Transport Funding,https://transportfunding.com/,,Domain probe + Factor Funding transport page cross-ref,https://transportfunding.com/,other,May overlap Factor Funding brand — Phase 2 dedupe,N,Unknown,fail,N,Incomplete,Unknown,Unknown,Incomplete — no verified published fee schedule in census; visible in search; cannot win All-In/best.,,2026-09-16,Prefer Incomplete over invented fees. Partner badge (if any) does not change grade.
carrier-factoring,Carrier Factoring,https://carrierfactoring.com/,,Domain resolves,https://carrierfactoring.com/,other,JS site; Phase 2 verify live freight factoring product,N,Unknown,fail,N,Incomplete,Unknown,Unknown,Incomplete — no verified published fee schedule in census; visible in search; cannot win All-In/best.,,2026-09-16,Prefer Incomplete over invented fees. Partner badge (if any) does not change grade.
usa-factoring,USA Factoring,https://usafactoring.com/,,FreightFinder + domain,https://usafactoring.com/,directory,Update URL from directory placeholder,N,Unknown,fail,N,Incomplete,Unknown,Unknown,Incomplete — no verified published fee schedule in census; visible in search; cannot win All-In/best.,,2026-09-16,Prefer Incomplete over invented fees. Partner badge (if any) does not change grade.
account-receivable-funding-corp,Account Receivable Funding Corp,https://accountreceivablefunding.com/,,FreightFinder + domain,https://accountreceivablefunding.com/,directory,Update URL,N,Unknown,fail,N,Incomplete,Unknown,Unknown,Incomplete — no verified published fee schedule in census; visible in search; cannot win All-In/best.,,2026-09-16,Prefer Incomplete over invented fees. Partner badge (if any) does not change grade.
arfc,ARFC,https://arfc.com/,,Domain probe,https://arfc.com/,other,Phase 2: verify if Accounts Receivable Funding Corp brand,N,Unknown,fail,N,Incomplete,Unknown,Unknown,Incomplete — no verified published fee schedule in census; visible in search; cannot win All-In/best.,,2026-09-16,Prefer Incomplete over invented fees. Partner badge (if any) does not change grade.
marquette-commercial-finance,Marquette Commercial Finance,https://www.marquette.com/,,Known commercial finance / factoring family,https://www.marquette.com/,other,Phase 2: confirm freight marketing vs general ABL/factoring,N,Unknown,fail,N,Incomplete,Unknown,Unknown,Incomplete — no verified published fee schedule in census; visible in search; cannot win All-In/best.,,2026-09-16,Prefer Incomplete over invented fees. Partner badge (if any) does not change grade.
capital-plus,CapitalPlus,https://ecapital.com/,,eCapital acquisition history (Dispatched),https://dispatched.finance/research/best-trucking-factoring-2026,listicle,Acquired into eCapital; historical brand aka,N,Unknown,fail,N,Incomplete,Unknown,Unknown,Incomplete — no verified published fee schedule in census; visible in search; cannot win All-In/best.,,2026-09-16,Prefer Incomplete over invented fees. Partner badge (if any) does not change grade.
pavestone,Pavestone Capital,https://ecapital.com/,,eCapital acquisition history (Dispatched),https://dispatched.finance/research/best-trucking-factoring-2026,listicle,Acquired into eCapital; historical brand aka,N,Unknown,fail,N,Incomplete,Unknown,Unknown,Incomplete — no verified published fee schedule in census; visible in search; cannot win All-In/best.,,2026-09-16,Prefer Incomplete over invented fees. Partner badge (if any) does not change grade.
vero-business-capital,Vero Business Capital,https://loves.com/en/news/2020/july/loves-acquires-vero-business-capital-and-foley-business-capital,,Love's acquisition PR,https://loves.com/en/news/2020/july/loves-acquires-vero-business-capital-and-foley-business-capital,other,Acquired into Love's Financial (2020); legacy brand,N,Unknown,fail,N,Incomplete,Unknown,Unknown,Incomplete — no verified published fee schedule in census; visible in search; cannot win All-In/best.,,2026-09-16,Prefer Incomplete over invented fees. Partner badge (if any) does not change grade.
tci-business-capital,TCI Business Capital,https://getscalefunding.com/,,Former name of Scale Funding,https://getscalefunding.com/,listicle,aka under Scale Funding,N,Unknown,fail,N,Incomplete,Unknown,Unknown,Incomplete — no verified published fee schedule in census; visible in search; cannot win All-In/best.,,2026-09-16,Prefer Incomplete over invented fees. Partner badge (if any) does not change grade.
advance-capital-solutions,Advance Capital Solutions,https://acsfactors.com/,CA,ACS legal name,https://acsfactors.com/,primary,aka ACS Factors,N,Unknown,fail,N,Incomplete,Unknown,Unknown,Incomplete — no verified published fee schedule in census; visible in search; cannot win All-In/best.,,2026-09-16,Prefer Incomplete over invented fees. Partner badge (if any) does not change grade.
transam-financial-services,TransAm Financial Services,https://tafs.com/,KS,TAFS legal/trade name,https://tafs.com/,listicle,aka TAFS,N,Unknown,fail,N,Incomplete,Unknown,Unknown,Incomplete — no verified published fee schedule in census; visible in search; cannot win All-In/best.,,2026-09-16,Prefer Incomplete over invented fees. Partner badge (if any) does not change grade.
fleet-one-factoring,Fleet One Factoring,https://www.wexinc.com/,,WEX Fleet One naming,https://invoicefactoringindex.com/freight-factoring/companies/,listicle,aka WEX Capital / Fleet One,N,Unknown,fail,N,Incomplete,Unknown,Unknown,Incomplete — no verified published fee schedule in census; visible in search; cannot win All-In/best.,,2026-09-16,Prefer Incomplete over invented fees. Partner badge (if any) does not change grade.
matrack,Matrack,https://matrack.com/,,Parent of Routiqo factoring,https://matrack.com/,listicle,Telematics parent; factoring under Routiqo,N,Unknown,fail,N,Incomplete,Unknown,Unknown,Incomplete — no verified published fee schedule in census; visible in search; cannot win All-In/best.,,2026-09-16,Prefer Incomplete over invented fees. Partner badge (if any) does not change grade.
anchor-funding-services,Anchor Funding Services,https://truckerfunds.com/,FL,TruckerFunds parent per QTS,https://truckerfunds.com/,directory,Parent of TruckerFunds,N,Unknown,fail,N,Incomplete,Unknown,Unknown,Incomplete — no verified published fee schedule in census; visible in search; cannot win All-In/best.,,2026-09-16,Prefer Incomplete over invented fees. Partner badge (if any) does not change grade.
reliable-capital,Reliable Capital,https://www.reliablefactors.com/,,Probe,https://www.reliablefactors.com/,other,Phase 2,N,Unknown,fail,N,Incomplete,Unknown,Unknown,Incomplete — no verified published fee schedule in census; visible in search; cannot win All-In/best.,,2026-09-16,Prefer Incomplete over invented fees. Partner badge (if any) does not change grade.
fleet-one,WEX Fleet One,https://www.wexinc.com/,,InvoiceFactoringIndex naming,https://invoicefactoringindex.com/freight-factoring/companies/,listicle,aka WEX Capital factoring,N,Unknown,fail,N,Incomplete,Unknown,Unknown,Incomplete — no verified published fee schedule in census; visible in search; cannot win All-In/best.,,2026-09-16,Prefer Incomplete over invented fees. Partner badge (if any) does not change grade.
pavestone-capital,Pavestone Capital,https://ecapital.com/,,Dispatched eCapital M&A note,https://dispatched.finance/research/best-trucking-factoring-2026,listicle,Historical brand acquired by eCapital,N,Unknown,fail,N,Incomplete,Unknown,Unknown,Incomplete — no verified published fee schedule in census; visible in search; cannot win All-In/best.,,2026-09-16,Prefer Incomplete over invented fees. Partner badge (if any) does not change grade.
exchange-capital,Exchange Capital,https://factoringclub.com/factoring-companies/trucking/,AR Conway,FactoringClub directory,https://factoringclub.com/factoring-companies/trucking/,directory,Phase 2: confirm canonical company URL (Conway AR),N,Unknown,fail,N,Incomplete,Unknown,Unknown,Incomplete — no verified published fee schedule in census; visible in search; cannot win All-In/best.,,2026-09-16,Prefer Incomplete over invented fees. Partner badge (if any) does not change grade.
eighteen-wheel-funding,18 Wheel Funding,https://18wheelfunding.com/,,C.H. Robinson approved factors PDF,https://www.chrobinson.com/en-us/-/media/chrobinson/documents/approved-factoring-companies.pdf,directory,CHR approved; CHR approved factoring companies list (updated 2019 PDF) — second-hand directory,N,Unknown,fail,N,Incomplete,Unknown,Unknown,Incomplete — no verified published fee schedule in census; visible in search; cannot win All-In/best.,,2026-09-16,Prefer Incomplete over invented fees. Partner badge (if any) does not change grade.
1st-pmf-bancorp,1st PMF Bancorp,http://www.PMFbancorp.com/,,FactoringDirectory freight-trucking industry list,https://factoringdirectory.org/industry/freight-trucking/,directory,FactoringDirectory freight-trucking category — second-hand; Website guessed/listed but HTTP probe failed or inconclusive — treat as possibly dead; confirm before fee research,N,Unknown,fail,N,Incomplete,Unknown,Unknown,Incomplete — no verified published fee schedule in census; visible in search; cannot win All-In/best.,,2026-09-16,Prefer Incomplete over invented fees. Partner badge (if any) does not change grade.
1st-trucking-factoring,1st Trucking Factoring,https://www.1sttrucking.com/,,QuickTransportSolutions freight-factoring directory,https://www.quicktransportsolutions.com/freight-factoring-companies.php,directory,QuickTransportSolutions freight-factoring directory — second-hand,N,Unknown,fail,N,Incomplete,Unknown,Unknown,Incomplete — no verified published fee schedule in census; visible in search; cannot win All-In/best.,,2026-09-16,Prefer Incomplete over invented fees. Partner badge (if any) does not change grade.
accord-financial,Accord Financial,https://www.accordfinancial.com/,,FactoringDirectory freight-trucking industry list,https://factoringdirectory.org/industry/freight-trucking/,directory,Public factoring co; CHR/FD freight category — confirm carrier O/O focus Phase 2; FactoringDirectory freight-trucking category — second-hand,N,Unknown,fail,N,Incomplete,Unknown,Unknown,Incomplete — no verified published fee schedule in census; visible in search; cannot win All-In/best.,,2026-09-16,Prefer Incomplete over invented fees. Partner badge (if any) does not change grade.
advanced-commercial-capital,Advanced Commercial Capital,https://advancedcommercialcapital.com/,,C.H. Robinson approved factors PDF,https://www.chrobinson.com/en-us/-/media/chrobinson/documents/approved-factoring-companies.pdf,directory,CHR approved factoring companies list (updated 2019 PDF) — second-hand directory; Website guessed/listed but HTTP probe failed or inconclusive — treat as possibly dead; confirm before fee research,N,Unknown,fail,N,Incomplete,Unknown,Unknown,Incomplete — no verified published fee schedule in census; visible in search; cannot win All-In/best.,,2026-09-16,Prefer Incomplete over invented fees. Partner badge (if any) does not change grade.
advanced-invoice-funding,Advanced Invoice Funding,https://www.advancedinvoicefunding.com/,,C.H. Robinson approved factors PDF,https://www.chrobinson.com/en-us/-/media/chrobinson/documents/approved-factoring-companies.pdf,directory,CHR approved factoring companies list (updated 2019 PDF) — second-hand directory,N,Unknown,fail,N,Incomplete,Unknown,Unknown,Incomplete — no verified published fee schedule in census; visible in search; cannot win All-In/best.,,2026-09-16,Prefer Incomplete over invented fees. Partner badge (if any) does not change grade.
aerofund-financial,AeroFund Financial,https://aerofund.com/,,C.H. Robinson approved factors PDF,https://www.chrobinson.com/en-us/-/media/chrobinson/documents/approved-factoring-companies.pdf,directory,CHR approved factoring companies list (updated 2019 PDF) — second-hand directory; Website guessed/listed but HTTP probe failed or inconclusive — treat as possibly dead; confirm before fee research,N,Unknown,fail,N,Incomplete,Unknown,Unknown,Incomplete — no verified published fee schedule in census; visible in search; cannot win All-In/best.,,2026-09-16,Prefer Incomplete over invented fees. Partner badge (if any) does not change grade.
afg-transportation-funding,AFG Transportation Funding,https://afgfunding.com/,,C.H. Robinson approved factors PDF,https://www.chrobinson.com/en-us/-/media/chrobinson/documents/approved-factoring-companies.pdf,directory,CHR approved factoring companies list (updated 2019 PDF) — second-hand directory,N,Unknown,fail,N,Incomplete,Unknown,Unknown,Incomplete — no verified published fee schedule in census; visible in search; cannot win All-In/best.,,2026-09-16,Prefer Incomplete over invented fees. Partner badge (if any) does not change grade.
agr-financial,AGR Financial,https://agrfinancial.com/,,FactoringDirectory freight-trucking industry list,https://factoringdirectory.org/industry/freight-trucking/,directory,FactoringDirectory freight-trucking category — second-hand; Website guessed/listed but HTTP probe failed or inconclusive — treat as possibly dead; confirm before fee research,N,Unknown,fail,N,Incomplete,Unknown,Unknown,Incomplete — no verified published fee schedule in census; visible in search; cannot win All-In/best.,,2026-09-16,Prefer Incomplete over invented fees. Partner badge (if any) does not change grade.
allegiant-business-finance,Allegiant Business Finance,https://allegiantbusinessfinance.com/,,FactoringDirectory freight-trucking industry list,https://factoringdirectory.org/industry/freight-trucking/,directory,FactoringDirectory freight-trucking category — second-hand; Website guessed/listed but HTTP probe failed or inconclusive — treat as possibly dead; confirm before fee research,N,Unknown,fail,N,Incomplete,Unknown,Unknown,Incomplete — no verified published fee schedule in census; visible in search; cannot win All-In/best.,,2026-09-16,Prefer Incomplete over invented fees. Partner badge (if any) does not change grade.
allied-affiliated-funding,Allied Affiliated Funding,https://alliedaffiliated.com/,,C.H. Robinson approved factors PDF,https://www.chrobinson.com/en-us/-/media/chrobinson/documents/approved-factoring-companies.pdf,directory,CHR approved factoring companies list (updated 2019 PDF) — second-hand directory; Website guessed/listed but HTTP probe failed or inconclusive — treat as possibly dead; confirm before fee research,N,Unknown,fail,N,Incomplete,Unknown,Unknown,Incomplete — no verified published fee schedule in census; visible in search; cannot win All-In/best.,,2026-09-16,Prefer Incomplete over invented fees. Partner badge (if any) does not change grade.
althon-factoring,Althon Factoring Services,,,C.H. Robinson approved factors PDF,https://www.chrobinson.com/en-us/-/media/chrobinson/documents/approved-factoring-companies.pdf,directory,CHR approved factoring companies list (updated 2019 PDF) — second-hand directory; Primary website not resolved in Phase 4; name retained from directory discovery,N,Unknown,fail,N,Incomplete,Unknown,Unknown,Incomplete — no verified published fee schedule in census; visible in search; cannot win All-In/best.,,2026-09-16,Prefer Incomplete over invented fees. Partner badge (if any) does not change grade.
american-factoring,American Factoring Group,,,C.H. Robinson approved factors PDF,https://www.chrobinson.com/en-us/-/media/chrobinson/documents/approved-factoring-companies.pdf,directory,CHR approved factoring companies list (updated 2019 PDF) — second-hand directory; Primary website not resolved in Phase 4; name retained from directory discovery,N,Unknown,fail,N,Incomplete,Unknown,Unknown,Incomplete — no verified published fee schedule in census; visible in search; cannot win All-In/best.,,2026-09-16,Prefer Incomplete over invented fees. Partner badge (if any) does not change grade.
american-freight-factors,American Freight Factors,https://www.americanfreightfactors.com/,,QuickTransportSolutions freight-factoring directory,https://www.quicktransportsolutions.com/freight-factoring-companies.php,directory,QuickTransportSolutions freight-factoring directory — second-hand; Website guessed/listed but HTTP probe failed or inconclusive — treat as possibly dead; confirm before fee research,N,Unknown,fail,N,Incomplete,Unknown,Unknown,Incomplete — no verified published fee schedule in census; visible in search; cannot win All-In/best.,,2026-09-16,Prefer Incomplete over invented fees. Partner badge (if any) does not change grade.
american-prudential-capital,American Prudential Capital,https://www.americanprudentialcapital.com/,,FactoringDirectory freight-trucking industry list,https://factoringdirectory.org/industry/freight-trucking/,directory,FactoringDirectory freight-trucking category — second-hand,N,Unknown,fail,N,Incomplete,Unknown,Unknown,Incomplete — no verified published fee schedule in census; visible in search; cannot win All-In/best.,,2026-09-16,Prefer Incomplete over invented fees. Partner badge (if any) does not change grade.
amerisource-funding,AmeriSource Funding,http://www.amerisourcefunding.com/,TX,C.H. Robinson approved factors PDF,https://www.chrobinson.com/en-us/-/media/chrobinson/documents/approved-factoring-companies.pdf,directory,CHR approved factoring companies list (updated 2019 PDF) — second-hand directory,N,Unknown,fail,N,Incomplete,Unknown,Unknown,Incomplete — no verified published fee schedule in census; visible in search; cannot win All-In/best.,,2026-09-16,Prefer Incomplete over invented fees. Partner badge (if any) does not change grade.
ameritrust-capital,AmeriTrust Capital,https://ameritrustcapital.com/,,C.H. Robinson approved factors PDF,https://www.chrobinson.com/en-us/-/media/chrobinson/documents/approved-factoring-companies.pdf,directory,CHR approved factoring companies list (updated 2019 PDF) — second-hand directory; Website guessed/listed but HTTP probe failed or inconclusive — treat as possibly dead; confirm before fee research,N,Unknown,fail,N,Incomplete,Unknown,Unknown,Incomplete — no verified published fee schedule in census; visible in search; cannot win All-In/best.,,2026-09-16,Prefer Incomplete over invented fees. Partner badge (if any) does not change grade.
applied-capital,Applied Capital,https://appliedcapital.net/,,FactoringDirectory freight-trucking industry list,https://factoringdirectory.org/industry/freight-trucking/,directory,FactoringDirectory freight-trucking category — second-hand,N,Unknown,fail,N,Incomplete,Unknown,Unknown,Incomplete — no verified published fee schedule in census; visible in search; cannot win All-In/best.,,2026-09-16,Prefer Incomplete over invented fees. Partner badge (if any) does not change grade.
assist-financial,Assist Financial Services,,,C.H. Robinson approved factors PDF,https://www.chrobinson.com/en-us/-/media/chrobinson/documents/approved-factoring-companies.pdf,directory,CHR approved factoring companies list (updated 2019 PDF) — second-hand directory; Primary website not resolved in Phase 4; name retained from directory discovery,N,Unknown,fail,N,Incomplete,Unknown,Unknown,Incomplete — no verified published fee schedule in census; visible in search; cannot win All-In/best.,,2026-09-16,Prefer Incomplete over invented fees. Partner badge (if any) does not change grade.
associated-receivables-funding,Associated Receivables Funding,https://associatedreceivables.com/,,C.H. Robinson approved factors PDF,https://www.chrobinson.com/en-us/-/media/chrobinson/documents/approved-factoring-companies.pdf,directory,CHR approved factoring companies list (updated 2019 PDF) — second-hand directory; Website guessed/listed but HTTP probe failed or inconclusive — treat as possibly dead; confirm before fee research,N,Unknown,fail,N,Incomplete,Unknown,Unknown,Incomplete — no verified published fee schedule in census; visible in search; cannot win All-In/best.,,2026-09-16,Prefer Incomplete over invented fees. Partner badge (if any) does not change grade.
asteria,Asteria Corp,,,C.H. Robinson approved factors PDF,https://www.chrobinson.com/en-us/-/media/chrobinson/documents/approved-factoring-companies.pdf,directory,CHR approved factoring companies list (updated 2019 PDF) — second-hand directory; Primary website not resolved in Phase 4; name retained from directory discovery,N,Unknown,fail,N,Incomplete,Unknown,Unknown,Incomplete — no verified published fee schedule in census; visible in search; cannot win All-In/best.,,2026-09-16,Prefer Incomplete over invented fees. Partner badge (if any) does not change grade.
atbs-express-factoring,ATBS Express Factoring,https://www.atbs.com/express-factoring,,LMDR owner-operator factoring listicle,https://www.lastmiledr.app/factoring/owner-operators,listicle,ATBS Express Factoring product; accounting firm ATBS; Listicle discovery — second-hand; verify primary site,N,Unknown,fail,N,Incomplete,Unknown,Unknown,Incomplete — no verified published fee schedule in census; visible in search; cannot win All-In/best.,,2026-09-16,Prefer Incomplete over invented fees. Partner badge (if any) does not change grade.
atlas-factoring,Atlas Factoring,https://www.atlasfactoring.com/,,C.H. Robinson approved factors PDF,https://www.chrobinson.com/en-us/-/media/chrobinson/documents/approved-factoring-companies.pdf,directory,CHR approved factoring companies list (updated 2019 PDF) — second-hand directory,N,Unknown,fail,N,Incomplete,Unknown,Unknown,Incomplete — no verified published fee schedule in census; visible in search; cannot win All-In/best.,,2026-09-16,Prefer Incomplete over invented fees. Partner badge (if any) does not change grade.
autumn-capital,Autumn Capital Group,,,C.H. Robinson approved factors PDF,https://www.chrobinson.com/en-us/-/media/chrobinson/documents/approved-factoring-companies.pdf,directory,CHR approved factoring companies list (updated 2019 PDF) — second-hand directory; Primary website not resolved in Phase 4; name retained from directory discovery,N,Unknown,fail,N,Incomplete,Unknown,Unknown,Incomplete — no verified published fee schedule in census; visible in search; cannot win All-In/best.,,2026-09-16,Prefer Incomplete over invented fees. Partner badge (if any) does not change grade.
bam-capital,BAM Capital,https://bamcapital.com/,,C.H. Robinson approved factors PDF,https://www.chrobinson.com/en-us/-/media/chrobinson/documents/approved-factoring-companies.pdf,directory,CHR approved factoring companies list (updated 2019 PDF) — second-hand directory,N,Unknown,fail,N,Incomplete,Unknown,Unknown,Incomplete — no verified published fee schedule in census; visible in search; cannot win All-In/best.,,2026-09-16,Prefer Incomplete over invented fees. Partner badge (if any) does not change grade.
bankers-factoring,Bankers Factoring,https://www.bankersfactoring.com/,,FactoringDirectory freight-trucking industry list,https://factoringdirectory.org/industry/freight-trucking/,directory,FactoringDirectory freight-trucking category — second-hand,N,Unknown,fail,N,Incomplete,Unknown,Unknown,Incomplete — no verified published fee schedule in census; visible in search; cannot win All-In/best.,,2026-09-16,Prefer Incomplete over invented fees. Partner badge (if any) does not change grade.
baron-finance,Baron Finance,https://revinc.com/,,C.H. Robinson approved factors PDF,https://www.chrobinson.com/en-us/-/media/chrobinson/documents/approved-factoring-companies.pdf,directory,CHR approved factoring companies list (updated 2019 PDF) — second-hand directory,N,Unknown,fail,N,Incomplete,Unknown,Unknown,Incomplete — no verified published fee schedule in census; visible in search; cannot win All-In/best.,,2026-09-16,Prefer Incomplete over invented fees. Partner badge (if any) does not change grade.
benefactor,Benefactor,https://www.gobenefactor.com/,,FactoringDirectory freight-trucking industry list,https://factoringdirectory.org/industry/freight-trucking/,directory,FactoringDirectory freight-trucking category — second-hand; Website guessed/listed but HTTP probe failed or inconclusive — treat as possibly dead; confirm before fee research,N,Unknown,fail,N,Incomplete,Unknown,Unknown,Incomplete — no verified published fee schedule in census; visible in search; cannot win All-In/best.,,2026-09-16,Prefer Incomplete over invented fees. Partner badge (if any) does not change grade.
blu-capital,Blu Capital,https://blucapital.com/,,C.H. Robinson approved factors PDF,https://www.chrobinson.com/en-us/-/media/chrobinson/documents/approved-factoring-companies.pdf,directory,CHR approved factoring companies list (updated 2019 PDF) — second-hand directory,N,Unknown,fail,N,Incomplete,Unknown,Unknown,Incomplete — no verified published fee schedule in census; visible in search; cannot win All-In/best.,,2026-09-16,Prefer Incomplete over invented fees. Partner badge (if any) does not change grade.
blue-ridge-factors,Blue Ridge Factors,https://blueridgefactors.com/,,FactoringDirectory freight-trucking industry list,https://factoringdirectory.org/industry/freight-trucking/,directory,FactoringDirectory freight-trucking category — second-hand; Website guessed/listed but HTTP probe failed or inconclusive — treat as possibly dead; confirm before fee research,N,Unknown,fail,N,Incomplete,Unknown,Unknown,Incomplete — no verified published fee schedule in census; visible in search; cannot win All-In/best.,,2026-09-16,Prefer Incomplete over invented fees. Partner badge (if any) does not change grade.
bridge-capital,Bridge Capital,https://bridgecapitalfactoring.com/,,C.H. Robinson approved factors PDF,https://www.chrobinson.com/en-us/-/media/chrobinson/documents/approved-factoring-companies.pdf,directory,CHR approved factoring companies list (updated 2019 PDF) — second-hand directory; Website guessed/listed but HTTP probe failed or inconclusive — treat as possibly dead; confirm before fee research,N,Unknown,fail,N,Incomplete,Unknown,Unknown,Incomplete — no verified published fee schedule in census; visible in search; cannot win All-In/best.,,2026-09-16,Prefer Incomplete over invented fees. Partner badge (if any) does not change grade.
bridgeport-capital-funding,Bridgeport Capital Funding,https://www.bridgeportcapital.com/,,C.H. Robinson approved factors PDF,https://www.chrobinson.com/en-us/-/media/chrobinson/documents/approved-factoring-companies.pdf,directory,CHR approved factoring companies list (updated 2019 PDF) — second-hand directory,N,Unknown,fail,N,Incomplete,Unknown,Unknown,Incomplete — no verified published fee schedule in census; visible in search; cannot win All-In/best.,,2026-09-16,Prefer Incomplete over invented fees. Partner badge (if any) does not change grade.
business-factors-finance,Business Factors & Finance,https://businessfactors.com/,,FactoringDirectory freight-trucking industry list,https://factoringdirectory.org/industry/freight-trucking/,directory,FactoringDirectory freight-trucking category — second-hand,N,Unknown,fail,N,Incomplete,Unknown,Unknown,Incomplete — no verified published fee schedule in census; visible in search; cannot win All-In/best.,,2026-09-16,Prefer Incomplete over invented fees. Partner badge (if any) does not change grade.
bvd-capital,BVD Capital,https://bvdcapital.com/,,C.H. Robinson approved factors PDF,https://www.chrobinson.com/en-us/-/media/chrobinson/documents/approved-factoring-companies.pdf,directory,CHR approved factoring companies list (updated 2019 PDF) — second-hand directory; Website guessed/listed but HTTP probe failed or inconclusive — treat as possibly dead; confirm before fee research,N,Unknown,fail,N,Incomplete,Unknown,Unknown,Incomplete — no verified published fee schedule in census; visible in search; cannot win All-In/best.,,2026-09-16,Prefer Incomplete over invented fees. Partner badge (if any) does not change grade.
capefirst-funding,Capefirst Funding,https://capefirst.com/,,FactoringDirectory freight-trucking industry list,https://factoringdirectory.org/industry/freight-trucking/,directory,FactoringDirectory freight-trucking category — second-hand,N,Unknown,fail,N,Incomplete,Unknown,Unknown,Incomplete — no verified published fee schedule in census; visible in search; cannot win All-In/best.,,2026-09-16,Prefer Incomplete over invented fees. Partner badge (if any) does not change grade.
capital-funding-solutions,Capital Funding Solutions,https://cfsfunds.com/,,FactoringDirectory freight-trucking industry list,https://factoringdirectory.org/industry/freight-trucking/,directory,FactoringDirectory freight-trucking category — second-hand,N,Unknown,fail,N,Incomplete,Unknown,Unknown,Incomplete — no verified published fee schedule in census; visible in search; cannot win All-In/best.,,2026-09-16,Prefer Incomplete over invented fees. Partner badge (if any) does not change grade.
capital-solutions-bancorp,Capital Solutions Bancorp,https://capitalsolutionsbancorp.com/,,C.H. Robinson approved factors PDF,https://www.chrobinson.com/en-us/-/media/chrobinson/documents/approved-factoring-companies.pdf,directory,CHR approved factoring companies list (updated 2019 PDF) — second-hand directory,N,Unknown,fail,N,Incomplete,Unknown,Unknown,Incomplete — no verified published fee schedule in census; visible in search; cannot win All-In/best.,,2026-09-16,Prefer Incomplete over invented fees. Partner badge (if any) does not change grade.
carolina-piedmont-capital,Carolina Piedmont Capital,https://carolinapiedmontcapital.com/,,FactoringDirectory freight-trucking industry list,https://factoringdirectory.org/industry/freight-trucking/,directory,FactoringDirectory freight-trucking category — second-hand; Website guessed/listed but HTTP probe failed or inconclusive — treat as possibly dead; confirm before fee research,N,Unknown,fail,N,Incomplete,Unknown,Unknown,Incomplete — no verified published fee schedule in census; visible in search; cannot win All-In/best.,,2026-09-16,Prefer Incomplete over invented fees. Partner badge (if any) does not change grade.
carriernet-group-financial,CarrierNet Group Financial,https://carriernetgroup.com/,SD Sioux Falls,C.H. Robinson approved factors PDF,https://www.chrobinson.com/en-us/-/media/chrobinson/documents/approved-factoring-companies.pdf,directory,CHR approved factoring companies list (updated 2019 PDF) — second-hand directory; Website guessed/listed but HTTP probe failed or inconclusive — treat as possibly dead; confirm before fee research,N,Unknown,fail,N,Incomplete,Unknown,Unknown,Incomplete — no verified published fee schedule in census; visible in search; cannot win All-In/best.,,2026-09-16,Prefer Incomplete over invented fees. Partner badge (if any) does not change grade.
cbac-funding,CBAC Funding,https://cbacfunding.com/,,FactoringDirectory freight-trucking industry list,https://factoringdirectory.org/industry/freight-trucking/,directory,FactoringDirectory freight-trucking category — second-hand,N,Unknown,fail,N,Incomplete,Unknown,Unknown,Incomplete — no verified published fee schedule in census; visible in search; cannot win All-In/best.,,2026-09-16,Prefer Incomplete over invented fees. Partner badge (if any) does not change grade.
century-finance,Century Finance,https://www.centuryfinance.com/,,C.H. Robinson approved factors PDF,https://www.chrobinson.com/en-us/-/media/chrobinson/documents/approved-factoring-companies.pdf,directory,CHR approved factoring companies list (updated 2019 PDF) — second-hand directory,N,Unknown,fail,N,Incomplete,Unknown,Unknown,Incomplete — no verified published fee schedule in census; visible in search; cannot win All-In/best.,,2026-09-16,Prefer Incomplete over invented fees. Partner badge (if any) does not change grade.
cj-financing,CJ Financing,https://cjfinancing.com/,,C.H. Robinson approved factors PDF,https://www.chrobinson.com/en-us/-/media/chrobinson/documents/approved-factoring-companies.pdf,directory,CHR approved factoring companies list (updated 2019 PDF) — second-hand directory,N,Unknown,fail,N,Incomplete,Unknown,Unknown,Incomplete — no verified published fee schedule in census; visible in search; cannot win All-In/best.,,2026-09-16,Prefer Incomplete over invented fees. Partner badge (if any) does not change grade.
cjm-financial,CJM Financial,https://cjmfinancial.com/,,C.H. Robinson approved factors PDF,https://www.chrobinson.com/en-us/-/media/chrobinson/documents/approved-factoring-companies.pdf,directory,CHR approved factoring companies list (updated 2019 PDF) — second-hand directory,N,Unknown,fail,N,Incomplete,Unknown,Unknown,Incomplete — no verified published fee schedule in census; visible in search; cannot win All-In/best.,,2026-09-16,Prefer Incomplete over invented fees. Partner badge (if any) does not change grade.
coast-to-coast-capital,Coast to Coast Capital,https://coasttocoastcapital.com/,,C.H. Robinson approved factors PDF,https://www.chrobinson.com/en-us/-/media/chrobinson/documents/approved-factoring-companies.pdf,directory,CHR approved factoring companies list (updated 2019 PDF) — second-hand directory,N,Unknown,fail,N,Incomplete,Unknown,Unknown,Incomplete — no verified published fee schedule in census; visible in search; cannot win All-In/best.,,2026-09-16,Prefer Incomplete over invented fees. Partner badge (if any) does not change grade.
commerce-commercial-credit,Commerce Commercial Credit,https://www.commercecommercialcredit.com/,,C.H. Robinson approved factors PDF,https://www.chrobinson.com/en-us/-/media/chrobinson/documents/approved-factoring-companies.pdf,directory,CHR approved factoring companies list (updated 2019 PDF) — second-hand directory,N,Unknown,fail,N,Incomplete,Unknown,Unknown,Incomplete — no verified published fee schedule in census; visible in search; cannot win All-In/best.,,2026-09-16,Prefer Incomplete over invented fees. Partner badge (if any) does not change grade.
commonwealth-capital,Commonwealth Capital,https://commonwealthmn.com/,,C.H. Robinson approved factors PDF,https://www.chrobinson.com/en-us/-/media/chrobinson/documents/approved-factoring-companies.pdf,directory,CHR approved factoring companies list (updated 2019 PDF) — second-hand directory,N,Unknown,fail,N,Incomplete,Unknown,Unknown,Incomplete — no verified published fee schedule in census; visible in search; cannot win All-In/best.,,2026-09-16,Prefer Incomplete over invented fees. Partner badge (if any) does not change grade.
concept-financial,Concept Financial Group,,,C.H. Robinson approved factors PDF,https://www.chrobinson.com/en-us/-/media/chrobinson/documents/approved-factoring-companies.pdf,directory,CHR approved factoring companies list (updated 2019 PDF) — second-hand directory; Primary website not resolved in Phase 4; name retained from directory discovery,N,Unknown,fail,N,Incomplete,Unknown,Unknown,Incomplete — no verified published fee schedule in census; visible in search; cannot win All-In/best.,,2026-09-16,Prefer Incomplete over invented fees. Partner badge (if any) does not change grade.
convoy-capital,Convoy Capital,https://convoycapital.com/,,C.H. Robinson approved factors PDF,https://www.chrobinson.com/en-us/-/media/chrobinson/documents/approved-factoring-companies.pdf,directory,CHR approved factoring companies list (updated 2019 PDF) — second-hand directory; Website guessed/listed but HTTP probe failed or inconclusive — treat as possibly dead; confirm before fee research,N,Unknown,fail,N,Incomplete,Unknown,Unknown,Incomplete — no verified published fee schedule in census; visible in search; cannot win All-In/best.,,2026-09-16,Prefer Incomplete over invented fees. Partner badge (if any) does not change grade.
copperwood-capital,Copperwood Capital,https://www.copperwoodnyc.com/,,C.H. Robinson approved factors PDF,https://www.chrobinson.com/en-us/-/media/chrobinson/documents/approved-factoring-companies.pdf,directory,CHR approved factoring companies list (updated 2019 PDF) — second-hand directory,N,Unknown,fail,N,Incomplete,Unknown,Unknown,Incomplete — no verified published fee schedule in census; visible in search; cannot win All-In/best.,,2026-09-16,Prefer Incomplete over invented fees. Partner badge (if any) does not change grade.
corefund-capital,CoreFund Capital,https://www.corefundcapital.com/,TX Weatherford,C.H. Robinson approved factors PDF,https://www.chrobinson.com/en-us/-/media/chrobinson/documents/approved-factoring-companies.pdf,directory,CHR approved + LMDR listicle; Weatherford TX; CHR approved factoring companies list (updated 2019 PDF) — second-hand directory,N,Unknown,fail,N,Incomplete,Unknown,Unknown,Incomplete — no verified published fee schedule in census; visible in search; cannot win All-In/best.,,2026-09-16,Prefer Incomplete over invented fees. Partner badge (if any) does not change grade.
corporate-billing,Corporate Billing,https://www.corpbill.com/,,C.H. Robinson approved factors PDF,https://www.chrobinson.com/en-us/-/media/chrobinson/documents/approved-factoring-companies.pdf,directory,CHR approved; corpbill.com / SouthState orbit; CHR approved factoring companies list (updated 2019 PDF) — second-hand directory,N,Unknown,fail,N,Incomplete,Unknown,Unknown,Incomplete — no verified published fee schedule in census; visible in search; cannot win All-In/best.,,2026-09-16,Prefer Incomplete over invented fees. Partner badge (if any) does not change grade.
creative-capital-associates,Creative Capital Associates,https://www.ccassociates.com/,,FactoringDirectory freight-trucking industry list,https://factoringdirectory.org/industry/freight-trucking/,directory,FactoringDirectory freight-trucking category — second-hand,N,Unknown,fail,N,Incomplete,Unknown,Unknown,Incomplete — no verified published fee schedule in census; visible in search; cannot win All-In/best.,,2026-09-16,Prefer Incomplete over invented fees. Partner badge (if any) does not change grade.
csi-factoring,CSI Factoring,https://www.csifactoring.com/,CO Denver,FactoringClub trucking directory,https://factoringclub.com/factoring-companies/trucking/page/2/,directory,FactoringClub trucking directory; FactoringClub trucking directory — second-hand,N,Unknown,fail,N,Incomplete,Unknown,Unknown,Incomplete — no verified published fee schedule in census; visible in search; cannot win All-In/best.,,2026-09-16,Prefer Incomplete over invented fees. Partner badge (if any) does not change grade.
cst-financial,CST Financial Services,,,C.H. Robinson approved factors PDF,https://www.chrobinson.com/en-us/-/media/chrobinson/documents/approved-factoring-companies.pdf,directory,CHR approved factoring companies list (updated 2019 PDF) — second-hand directory; Primary website not resolved in Phase 4; name retained from directory discovery,N,Unknown,fail,N,Incomplete,Unknown,Unknown,Incomplete — no verified published fee schedule in census; visible in search; cannot win All-In/best.,,2026-09-16,Prefer Incomplete over invented fees. Partner badge (if any) does not change grade.
dash-point-financial,Dash Point Financial,https://www.dashpointfinancial.com/,,FactoringDirectory freight-trucking industry list,https://factoringdirectory.org/industry/freight-trucking/,directory,FactoringDirectory freight-trucking category — second-hand,N,Unknown,fail,N,Incomplete,Unknown,Unknown,Incomplete — no verified published fee schedule in census; visible in search; cannot win All-In/best.,,2026-09-16,Prefer Incomplete over invented fees. Partner badge (if any) does not change grade.
db-squared,DB Squared,https://www.dbsquared.com,,FactoringDirectory freight-trucking industry list,https://factoringdirectory.org/industry/freight-trucking/,directory,FactoringDirectory freight-trucking category — second-hand; Website guessed/listed but HTTP probe failed or inconclusive — treat as possibly dead; confirm before fee research,N,Unknown,fail,N,Incomplete,Unknown,Unknown,Incomplete — no verified published fee schedule in census; visible in search; cannot win All-In/best.,,2026-09-16,Prefer Incomplete over invented fees. Partner badge (if any) does not change grade.
dcl-funding,DCL Funding,https://dclfunding.com/,,C.H. Robinson approved factors PDF,https://www.chrobinson.com/en-us/-/media/chrobinson/documents/approved-factoring-companies.pdf,directory,CHR approved factoring companies list (updated 2019 PDF) — second-hand directory; Website guessed/listed but HTTP probe failed or inconclusive — treat as possibly dead; confirm before fee research,N,Unknown,fail,N,Incomplete,Unknown,Unknown,Incomplete — no verified published fee schedule in census; visible in search; cannot win All-In/best.,,2026-09-16,Prefer Incomplete over invented fees. Partner badge (if any) does not change grade.
diversified-transportation-finance,Diversified Transportation Finance,https://diversifiedtf.com/,,FactoringDirectory freight-trucking industry list,https://factoringdirectory.org/industry/freight-trucking/,directory,FactoringDirectory freight-trucking category — second-hand; Website guessed/listed but HTTP probe failed or inconclusive — treat as possibly dead; confirm before fee research,N,Unknown,fail,N,Incomplete,Unknown,Unknown,Incomplete — no verified published fee schedule in census; visible in search; cannot win All-In/best.,,2026-09-16,Prefer Incomplete over invented fees. Partner badge (if any) does not change grade.
dorado-finance,Dorado Finance,https://doradofinance.com/,,C.H. Robinson approved factors PDF,https://www.chrobinson.com/en-us/-/media/chrobinson/documents/approved-factoring-companies.pdf,directory,CHR approved factoring companies list (updated 2019 PDF) — second-hand directory,N,Unknown,fail,N,Incomplete,Unknown,Unknown,Incomplete — no verified published fee schedule in census; visible in search; cannot win All-In/best.,,2026-09-16,Prefer Incomplete over invented fees. Partner badge (if any) does not change grade.
abingdon-business-capital,Duvera Financial,https://www.duvera.com/,,FactoringDirectory freight-trucking industry list,https://factoringdirectory.org/industry/freight-trucking/,directory,FD listed as Abingdon Business Capital; site duvera.com (Duvera Financial); FactoringDirectory freight-trucking category — second-hand,N,Unknown,fail,N,Incomplete,Unknown,Unknown,Incomplete — no verified published fee schedule in census; visible in search; cannot win All-In/best.,,2026-09-16,Prefer Incomplete over invented fees. Partner badge (if any) does not change grade.
eagle-capital,Eagle Capital Corporation,,,C.H. Robinson approved factors PDF,https://www.chrobinson.com/en-us/-/media/chrobinson/documents/approved-factoring-companies.pdf,directory,CHR approved factoring companies list (updated 2019 PDF) — second-hand directory; Primary website not resolved in Phase 4; name retained from directory discovery,N,Unknown,fail,N,Incomplete,Unknown,Unknown,Incomplete — no verified published fee schedule in census; visible in search; cannot win All-In/best.,,2026-09-16,Prefer Incomplete over invented fees. Partner badge (if any) does not change grade.
ei-funding,ei Funding,https://eifunding.com/,,FactoringDirectory freight-trucking industry list,https://factoringdirectory.org/industry/freight-trucking/,directory,FactoringDirectory freight-trucking category — second-hand,N,Unknown,fail,N,Incomplete,Unknown,Unknown,Incomplete — no verified published fee schedule in census; visible in search; cannot win All-In/best.,,2026-09-16,Prefer Incomplete over invented fees. Partner badge (if any) does not change grade.
engaged-financial,Engaged Financial,https://www.engagedfinancial.com/,,C.H. Robinson approved factors PDF,https://www.chrobinson.com/en-us/-/media/chrobinson/documents/approved-factoring-companies.pdf,directory,CHR approved factoring companies list (updated 2019 PDF) — second-hand directory,N,Unknown,fail,N,Incomplete,Unknown,Unknown,Incomplete — no verified published fee schedule in census; visible in search; cannot win All-In/best.,,2026-09-16,Prefer Incomplete over invented fees. Partner badge (if any) does not change grade.
engs-commercial-capital,ENGS Commercial Capital,https://engsfinance.com/,AL Birmingham,C.H. Robinson approved factors PDF,https://www.chrobinson.com/en-us/-/media/chrobinson/documents/approved-factoring-companies.pdf,directory,CHR approved; Birmingham AL commercial finance incl factoring; CHR approved factoring companies list (updated 2019 PDF) — second-hand directory,N,Unknown,fail,N,Incomplete,Unknown,Unknown,Incomplete — no verified published fee schedule in census; visible in search; cannot win All-In/best.,,2026-09-16,Prefer Incomplete over invented fees. Partner badge (if any) does not change grade.
enoble-business-capital,Enoble Business Capital,http://enoble.com/,,FactoringDirectory freight-trucking industry list,https://factoringdirectory.org/industry/freight-trucking/,directory,FactoringDirectory freight-trucking category — second-hand; Website guessed/listed but HTTP probe failed or inconclusive — treat as possibly dead; confirm before fee research,N,Unknown,fail,N,Incomplete,Unknown,Unknown,Incomplete — no verified published fee schedule in census; visible in search; cannot win All-In/best.,,2026-09-16,Prefer Incomplete over invented fees. Partner badge (if any) does not change grade.
expocredit,ExpoCredit,https://expocredit.com/es/,,FactoringDirectory freight-trucking industry list,https://factoringdirectory.org/industry/freight-trucking/,directory,FactoringDirectory freight-trucking category — second-hand,N,Unknown,fail,N,Incomplete,Unknown,Unknown,Incomplete — no verified published fee schedule in census; visible in search; cannot win All-In/best.,,2026-09-16,Prefer Incomplete over invented fees. Partner badge (if any) does not change grade.
ez-factoring,EZ Factoring,https://www.google.com/,,C.H. Robinson approved factors PDF,https://www.chrobinson.com/en-us/-/media/chrobinson/documents/approved-factoring-companies.pdf,directory,CHR approved factoring companies list (updated 2019 PDF) — second-hand directory,N,Unknown,fail,N,Incomplete,Unknown,Unknown,Incomplete — no verified published fee schedule in census; visible in search; cannot win All-In/best.,,2026-09-16,Prefer Incomplete over invented fees. Partner badge (if any) does not change grade.
facteon,Facteon,https://facteon.com/,,FactoringDirectory freight-trucking industry list,https://factoringdirectory.org/industry/freight-trucking/,directory,FactoringDirectory freight-trucking category — second-hand; Website guessed/listed but HTTP probe failed or inconclusive — treat as possibly dead; confirm before fee research,N,Unknown,fail,N,Incomplete,Unknown,Unknown,Incomplete — no verified published fee schedule in census; visible in search; cannot win All-In/best.,,2026-09-16,Prefer Incomplete over invented fees. Partner badge (if any) does not change grade.
factor-direct,Factor Direct,https://factordirect.com/,,C.H. Robinson approved factors PDF,https://www.chrobinson.com/en-us/-/media/chrobinson/documents/approved-factoring-companies.pdf,directory,CHR approved factoring companies list (updated 2019 PDF) — second-hand directory,N,Unknown,fail,N,Incomplete,Unknown,Unknown,Incomplete — no verified published fee schedule in census; visible in search; cannot win All-In/best.,,2026-09-16,Prefer Incomplete over invented fees. Partner badge (if any) does not change grade.
factor-for-now,Factor For Now,https://factorfornow.com/,,QuickTransportSolutions freight-factoring directory,https://www.quicktransportsolutions.com/freight-factoring-companies.php,directory,QuickTransportSolutions freight-factoring directory — second-hand; Website guessed/listed but HTTP probe failed or inconclusive — treat as possibly dead; confirm before fee research,N,Unknown,fail,N,Incomplete,Unknown,Unknown,Incomplete — no verified published fee schedule in census; visible in search; cannot win All-In/best.,,2026-09-16,Prefer Incomplete over invented fees. Partner badge (if any) does not change grade.
factor-king,Factor King,https://factorking.com/,,FactoringDirectory freight-trucking industry list,https://factoringdirectory.org/industry/freight-trucking/,directory,FactoringDirectory freight-trucking category — second-hand,N,Unknown,fail,N,Incomplete,Unknown,Unknown,Incomplete — no verified published fee schedule in census; visible in search; cannot win All-In/best.,,2026-09-16,Prefer Incomplete over invented fees. Partner badge (if any) does not change grade.
factor-plus,Factor Plus,https://factorplus.com/,,C.H. Robinson approved factors PDF,https://www.chrobinson.com/en-us/-/media/chrobinson/documents/approved-factoring-companies.pdf,directory,CHR approved factoring companies list (updated 2019 PDF) — second-hand directory,N,Unknown,fail,N,Incomplete,Unknown,Unknown,Incomplete — no verified published fee schedule in census; visible in search; cannot win All-In/best.,,2026-09-16,Prefer Incomplete over invented fees. Partner badge (if any) does not change grade.
factoring-express,Factoring Express,https://factoringexpress.com/,,C.H. Robinson approved factors PDF,https://www.chrobinson.com/en-us/-/media/chrobinson/documents/approved-factoring-companies.pdf,directory,CHR approved factoring companies list (updated 2019 PDF) — second-hand directory,N,Unknown,fail,N,Incomplete,Unknown,Unknown,Incomplete — no verified published fee schedule in census; visible in search; cannot win All-In/best.,,2026-09-16,Prefer Incomplete over invented fees. Partner badge (if any) does not change grade.
factoring-solutions,Factoring Solutions,https://factoringsolutions.com/,,FactoringDirectory freight-trucking industry list,https://factoringdirectory.org/industry/freight-trucking/,directory,FactoringDirectory freight-trucking category — second-hand; Website guessed/listed but HTTP probe failed or inconclusive — treat as possibly dead; confirm before fee research,N,Unknown,fail,N,Incomplete,Unknown,Unknown,Incomplete — no verified published fee schedule in census; visible in search; cannot win All-In/best.,,2026-09-16,Prefer Incomplete over invented fees. Partner badge (if any) does not change grade.
factors-southwest,Factors Southwest,https://factorssouthwest.com/,,FactoringDirectory freight-trucking industry list,https://factoringdirectory.org/industry/freight-trucking/,directory,FactoringDirectory freight-trucking category — second-hand; Website guessed/listed but HTTP probe failed or inconclusive — treat as possibly dead; confirm before fee research,N,Unknown,fail,N,Incomplete,Unknown,Unknown,Incomplete — no verified published fee schedule in census; visible in search; cannot win All-In/best.,,2026-09-16,Prefer Incomplete over invented fees. Partner badge (if any) does not change grade.
factors-western,Factors Western,https://factorswestern.com/,,FactoringDirectory freight-trucking industry list,https://factoringdirectory.org/industry/freight-trucking/,directory,FactoringDirectory freight-trucking category — second-hand,N,Unknown,fail,N,Incomplete,Unknown,Unknown,Incomplete — no verified published fee schedule in census; visible in search; cannot win All-In/best.,,2026-09-16,Prefer Incomplete over invented fees. Partner badge (if any) does not change grade.
factorway,Factorway,https://factorway.com/,,FactoringDirectory freight-trucking industry list,https://factoringdirectory.org/industry/freight-trucking/,directory,FactoringDirectory freight-trucking category — second-hand,N,Unknown,fail,N,Incomplete,Unknown,Unknown,Incomplete — no verified published fee schedule in census; visible in search; cannot win All-In/best.,,2026-09-16,Prefer Incomplete over invented fees. Partner badge (if any) does not change grade.
financial-carrier,Financial Carrier Services,,,C.H. Robinson approved factors PDF,https://www.chrobinson.com/en-us/-/media/chrobinson/documents/approved-factoring-companies.pdf,directory,CHR approved factoring companies list (updated 2019 PDF) — second-hand directory; Primary website not resolved in Phase 4; name retained from directory discovery,N,Unknown,fail,N,Incomplete,Unknown,Unknown,Incomplete — no verified published fee schedule in census; visible in search; cannot win All-In/best.,,2026-09-16,Prefer Incomplete over invented fees. Partner badge (if any) does not change grade.
flash-funding,Flash Funding,https://flashfunding.com/,,C.H. Robinson approved factors PDF,https://www.chrobinson.com/en-us/-/media/chrobinson/documents/approved-factoring-companies.pdf,directory,CHR approved factoring companies list (updated 2019 PDF) — second-hand directory,N,Unknown,fail,N,Incomplete,Unknown,Unknown,Incomplete — no verified published fee schedule in census; visible in search; cannot win All-In/best.,,2026-09-16,Prefer Incomplete over invented fees. Partner badge (if any) does not change grade.
flat-rate-funding,Flat Rate Funding Group,,,C.H. Robinson approved factors PDF,https://www.chrobinson.com/en-us/-/media/chrobinson/documents/approved-factoring-companies.pdf,directory,CHR approved factoring companies list (updated 2019 PDF) — second-hand directory; Primary website not resolved in Phase 4; name retained from directory discovery,N,Unknown,fail,N,Incomplete,Unknown,Unknown,Incomplete — no verified published fee schedule in census; visible in search; cannot win All-In/best.,,2026-09-16,Prefer Incomplete over invented fees. Partner badge (if any) does not change grade.
fostrian-business-capital,Fostrian Business Capital,https://www.fostrian.com/,,FactoringDirectory freight-trucking industry list,https://factoringdirectory.org/industry/freight-trucking/,directory,FactoringDirectory freight-trucking category — second-hand,N,Unknown,fail,N,Incomplete,Unknown,Unknown,Incomplete — no verified published fee schedule in census; visible in search; cannot win All-In/best.,,2026-09-16,Prefer Incomplete over invented fees. Partner badge (if any) does not change grade.
freight-collect,Freight Collect,https://freightcollect.com/,,C.H. Robinson approved factors PDF,https://www.chrobinson.com/en-us/-/media/chrobinson/documents/approved-factoring-companies.pdf,directory,CHR approved factoring companies list (updated 2019 PDF) — second-hand directory,N,Unknown,fail,N,Incomplete,Unknown,Unknown,Incomplete — no verified published fee schedule in census; visible in search; cannot win All-In/best.,,2026-09-16,Prefer Incomplete over invented fees. Partner badge (if any) does not change grade.
freight-finance,Freight Finance,https://freightfinance.com/,,C.H. Robinson approved factors PDF,https://www.chrobinson.com/en-us/-/media/chrobinson/documents/approved-factoring-companies.pdf,directory,CHR approved factoring companies list (updated 2019 PDF) — second-hand directory; Website guessed/listed but HTTP probe failed or inconclusive — treat as possibly dead; confirm before fee research,N,Unknown,fail,N,Incomplete,Unknown,Unknown,Incomplete — no verified published fee schedule in census; visible in search; cannot win All-In/best.,,2026-09-16,Prefer Incomplete over invented fees. Partner badge (if any) does not change grade.
freight-funding,Freight Funding,https://freightfunding.com/,,C.H. Robinson approved factors PDF,https://www.chrobinson.com/en-us/-/media/chrobinson/documents/approved-factoring-companies.pdf,directory,CHR approved factoring companies list (updated 2019 PDF) — second-hand directory,N,Unknown,fail,N,Incomplete,Unknown,Unknown,Incomplete — no verified published fee schedule in census; visible in search; cannot win All-In/best.,,2026-09-16,Prefer Incomplete over invented fees. Partner badge (if any) does not change grade.
freightcheck,FreightCheck,https://freightcheck.com/,,C.H. Robinson approved factors PDF,https://www.chrobinson.com/en-us/-/media/chrobinson/documents/approved-factoring-companies.pdf,directory,CHR approved factoring companies list (updated 2019 PDF) — second-hand directory; Website guessed/listed but HTTP probe failed or inconclusive — treat as possibly dead; confirm before fee research,N,Unknown,fail,N,Incomplete,Unknown,Unknown,Incomplete — no verified published fee schedule in census; visible in search; cannot win All-In/best.,,2026-09-16,Prefer Incomplete over invented fees. Partner badge (if any) does not change grade.
front-range-factoring,Front Range Factoring,https://frontrangefactoring.com/,,FactoringDirectory freight-trucking industry list,https://factoringdirectory.org/industry/freight-trucking/,directory,FactoringDirectory freight-trucking category — second-hand,N,Unknown,fail,N,Incomplete,Unknown,Unknown,Incomplete — no verified published fee schedule in census; visible in search; cannot win All-In/best.,,2026-09-16,Prefer Incomplete over invented fees. Partner badge (if any) does not change grade.
frontier-fiscal,Frontier Fiscal Services,,,C.H. Robinson approved factors PDF,https://www.chrobinson.com/en-us/-/media/chrobinson/documents/approved-factoring-companies.pdf,directory,CHR approved factoring companies list (updated 2019 PDF) — second-hand directory; Primary website not resolved in Phase 4; name retained from directory discovery,N,Unknown,fail,N,Incomplete,Unknown,Unknown,Incomplete — no verified published fee schedule in census; visible in search; cannot win All-In/best.,,2026-09-16,Prefer Incomplete over invented fees. Partner badge (if any) does not change grade.
frontier-funding,Frontier Funding,https://frontierfunding.com/,,C.H. Robinson approved factors PDF,https://www.chrobinson.com/en-us/-/media/chrobinson/documents/approved-factoring-companies.pdf,directory,CHR approved factoring companies list (updated 2019 PDF) — second-hand directory; Website guessed/listed but HTTP probe failed or inconclusive — treat as possibly dead; confirm before fee research,N,Unknown,fail,N,Incomplete,Unknown,Unknown,Incomplete — no verified published fee schedule in census; visible in search; cannot win All-In/best.,,2026-09-16,Prefer Incomplete over invented fees. Partner badge (if any) does not change grade.
fuller-business-funding,Fuller Business Funding,http://www.fullerbusinessfunding.com/,,FactoringDirectory freight-trucking industry list,https://factoringdirectory.org/industry/freight-trucking/,directory,FactoringDirectory freight-trucking category — second-hand,N,Unknown,fail,N,Incomplete,Unknown,Unknown,Incomplete — no verified published fee schedule in census; visible in search; cannot win All-In/best.,,2026-09-16,Prefer Incomplete over invented fees. Partner badge (if any) does not change grade.
fundthrough,FundThrough,https://www.fundthrough.com/,,InvoiceFactoringIndex freight rate index,https://invoicefactoringindex.com/freight-factoring/rates/,listicle,General invoice factoring; markets transportation among verticals — confirm freight carrier focus in Phase 2; Listicle discovery — second-hand; verify primary site,N,Unknown,fail,N,Incomplete,Unknown,Unknown,Incomplete — no verified published fee schedule in census; visible in search; cannot win All-In/best.,,2026-09-16,Prefer Incomplete over invented fees. Partner badge (if any) does not change grade.
gap-factoring,GAP Factoring,https://gapfactoring.com/,,C.H. Robinson approved factors PDF,https://www.chrobinson.com/en-us/-/media/chrobinson/documents/approved-factoring-companies.pdf,directory,CHR approved factoring companies list (updated 2019 PDF) — second-hand directory,N,Unknown,fail,N,Incomplete,Unknown,Unknown,Incomplete — no verified published fee schedule in census; visible in search; cannot win All-In/best.,,2026-09-16,Prefer Incomplete over invented fees. Partner badge (if any) does not change grade.
general-business-credit,General Business Credit,https://generalbusinesscredit.com/,,C.H. Robinson approved factors PDF,https://www.chrobinson.com/en-us/-/media/chrobinson/documents/approved-factoring-companies.pdf,directory,CHR approved factoring companies list (updated 2019 PDF) — second-hand directory,N,Unknown,fail,N,Incomplete,Unknown,Unknown,Incomplete — no verified published fee schedule in census; visible in search; cannot win All-In/best.,,2026-09-16,Prefer Incomplete over invented fees. Partner badge (if any) does not change grade.
gh-factor,GH Factor,https://ghfactor.com/,,C.H. Robinson approved factors PDF,https://www.chrobinson.com/en-us/-/media/chrobinson/documents/approved-factoring-companies.pdf,directory,CHR approved factoring companies list (updated 2019 PDF) — second-hand directory; Website guessed/listed but HTTP probe failed or inconclusive — treat as possibly dead; confirm before fee research,N,Unknown,fail,N,Incomplete,Unknown,Unknown,Incomplete — no verified published fee schedule in census; visible in search; cannot win All-In/best.,,2026-09-16,Prefer Incomplete over invented fees. Partner badge (if any) does not change grade.
gibraltar-business-capital,Gibraltar Business Capital,https://www.gibraltarbc.com/,,FactoringDirectory freight-trucking industry list,https://factoringdirectory.org/industry/freight-trucking/,directory,FactoringDirectory freight-trucking category — second-hand,N,Unknown,fail,N,Incomplete,Unknown,Unknown,Incomplete — no verified published fee schedule in census; visible in search; cannot win All-In/best.,,2026-09-16,Prefer Incomplete over invented fees. Partner badge (if any) does not change grade.
global-financial-factoring,Global Financial Factoring,https://globalfinancialfactoring.com/,,QuickTransportSolutions freight-factoring directory,https://www.quicktransportsolutions.com/freight-factoring-companies.php,directory,QuickTransportSolutions freight-factoring directory — second-hand; Website guessed/listed but HTTP probe failed or inconclusive — treat as possibly dead; confirm before fee research,N,Unknown,fail,N,Incomplete,Unknown,Unknown,Incomplete — no verified published fee schedule in census; visible in search; cannot win All-In/best.,,2026-09-16,Prefer Incomplete over invented fees. Partner badge (if any) does not change grade.
global-financial,Global Financial Group,,,C.H. Robinson approved factors PDF,https://www.chrobinson.com/en-us/-/media/chrobinson/documents/approved-factoring-companies.pdf,directory,CHR approved factoring companies list (updated 2019 PDF) — second-hand directory; Primary website not resolved in Phase 4; name retained from directory discovery,N,Unknown,fail,N,Incomplete,Unknown,Unknown,Incomplete — no verified published fee schedule in census; visible in search; cannot win All-In/best.,,2026-09-16,Prefer Incomplete over invented fees. Partner badge (if any) does not change grade.
goodman-factors,Goodman Factors,https://www.goodmancapitalfinance.com/,,C.H. Robinson approved factors PDF,https://www.chrobinson.com/en-us/-/media/chrobinson/documents/approved-factoring-companies.pdf,directory,CHR approved; goodmancapitalfinance.com; CHR approved factoring companies list (updated 2019 PDF) — second-hand directory,N,Unknown,fail,N,Incomplete,Unknown,Unknown,Incomplete — no verified published fee schedule in census; visible in search; cannot win All-In/best.,,2026-09-16,Prefer Incomplete over invented fees. Partner badge (if any) does not change grade.
grade-a-funding,Grade A Funding,https://gradeafunding.com/,,C.H. Robinson approved factors PDF,https://www.chrobinson.com/en-us/-/media/chrobinson/documents/approved-factoring-companies.pdf,directory,CHR approved factoring companies list (updated 2019 PDF) — second-hand directory; Website guessed/listed but HTTP probe failed or inconclusive — treat as possibly dead; confirm before fee research,N,Unknown,fail,N,Incomplete,Unknown,Unknown,Incomplete — no verified published fee schedule in census; visible in search; cannot win All-In/best.,,2026-09-16,Prefer Incomplete over invented fees. Partner badge (if any) does not change grade.
grand-financial-management,Grand Financial Management,https://grandfinancial.com/,,C.H. Robinson approved factors PDF,https://www.chrobinson.com/en-us/-/media/chrobinson/documents/approved-factoring-companies.pdf,directory,CHR approved factoring companies list (updated 2019 PDF) — second-hand directory; Website guessed/listed but HTTP probe failed or inconclusive — treat as possibly dead; confirm before fee research,N,Unknown,fail,N,Incomplete,Unknown,Unknown,Incomplete — no verified published fee schedule in census; visible in search; cannot win All-In/best.,,2026-09-16,Prefer Incomplete over invented fees. Partner badge (if any) does not change grade.
granite-capital-investments,Granite Capital Investments,https://granitecapitalinvestments.com/,,C.H. Robinson approved factors PDF,https://www.chrobinson.com/en-us/-/media/chrobinson/documents/approved-factoring-companies.pdf,directory,CHR approved factoring companies list (updated 2019 PDF) — second-hand directory,N,Unknown,fail,N,Incomplete,Unknown,Unknown,Incomplete — no verified published fee schedule in census; visible in search; cannot win All-In/best.,,2026-09-16,Prefer Incomplete over invented fees. Partner badge (if any) does not change grade.
great-plains-transportation,Great Plains Transportation Services,,,C.H. Robinson approved factors PDF,https://www.chrobinson.com/en-us/-/media/chrobinson/documents/approved-factoring-companies.pdf,directory,CHR approved factoring companies list (updated 2019 PDF) — second-hand directory; Primary website not resolved in Phase 4; name retained from directory discovery,N,Unknown,fail,N,Incomplete,Unknown,Unknown,Incomplete — no verified published fee schedule in census; visible in search; cannot win All-In/best.,,2026-09-16,Prefer Incomplete over invented fees. Partner badge (if any) does not change grade.
greenbridge-finance,Greenbridge Finance,https://greenbridgefinance.com/,,FactoringDirectory freight-trucking industry list,https://factoringdirectory.org/industry/freight-trucking/,directory,FactoringDirectory freight-trucking category — second-hand; Website guessed/listed but HTTP probe failed or inconclusive — treat as possibly dead; confirm before fee research,N,Unknown,fail,N,Incomplete,Unknown,Unknown,Incomplete — no verified published fee schedule in census; visible in search; cannot win All-In/best.,,2026-09-16,Prefer Incomplete over invented fees. Partner badge (if any) does not change grade.
growth-capital,Growth Capital Corp,,,C.H. Robinson approved factors PDF,https://www.chrobinson.com/en-us/-/media/chrobinson/documents/approved-factoring-companies.pdf,directory,CHR approved factoring companies list (updated 2019 PDF) — second-hand directory; Primary website not resolved in Phase 4; name retained from directory discovery,N,Unknown,fail,N,Incomplete,Unknown,Unknown,Incomplete — no verified published fee schedule in census; visible in search; cannot win All-In/best.,,2026-09-16,Prefer Incomplete over invented fees. Partner badge (if any) does not change grade.
hana-commercial-finance,Hana Commercial Finance,https://hanacommercial.com/,,C.H. Robinson approved factors PDF,https://www.chrobinson.com/en-us/-/media/chrobinson/documents/approved-factoring-companies.pdf,directory,CHR approved factoring companies list (updated 2019 PDF) — second-hand directory,N,Unknown,fail,N,Incomplete,Unknown,Unknown,Incomplete — no verified published fee schedule in census; visible in search; cannot win All-In/best.,,2026-09-16,Prefer Incomplete over invented fees. Partner badge (if any) does not change grade.
hennessey-capital,Hennessey Capital,http://www.hennesseycap.com/,,FactoringDirectory freight-trucking industry list,https://factoringdirectory.org/industry/freight-trucking/,directory,FactoringDirectory freight-trucking category — second-hand; Website guessed/listed but HTTP probe failed or inconclusive — treat as possibly dead; confirm before fee research,N,Unknown,fail,N,Incomplete,Unknown,Unknown,Incomplete — no verified published fee schedule in census; visible in search; cannot win All-In/best.,,2026-09-16,Prefer Incomplete over invented fees. Partner badge (if any) does not change grade.
hgs-funding,HGS Funding,https://hgsfunding.com/,,C.H. Robinson approved factors PDF,https://www.chrobinson.com/en-us/-/media/chrobinson/documents/approved-factoring-companies.pdf,directory,CHR approved factoring companies list (updated 2019 PDF) — second-hand directory,N,Unknown,fail,N,Incomplete,Unknown,Unknown,Incomplete — no verified published fee schedule in census; visible in search; cannot win All-In/best.,,2026-09-16,Prefer Incomplete over invented fees. Partner badge (if any) does not change grade.
hmd-financial,HMD Financial,https://hmdfinancial.com/,,FactoringDirectory freight-trucking industry list,https://factoringdirectory.org/industry/freight-trucking/,directory,FactoringDirectory freight-trucking category — second-hand,N,Unknown,fail,N,Incomplete,Unknown,Unknown,Incomplete — no verified published fee schedule in census; visible in search; cannot win All-In/best.,,2026-09-16,Prefer Incomplete over invented fees. Partner badge (if any) does not change grade.
infusion-funding,Infusion Funding,https://infusionfunding.com/,,FactoringDirectory freight-trucking industry list,https://factoringdirectory.org/industry/freight-trucking/,directory,FactoringDirectory freight-trucking category — second-hand; Website guessed/listed but HTTP probe failed or inconclusive — treat as possibly dead; confirm before fee research,N,Unknown,fail,N,Incomplete,Unknown,Unknown,Incomplete — no verified published fee schedule in census; visible in search; cannot win All-In/best.,,2026-09-16,Prefer Incomplete over invented fees. Partner badge (if any) does not change grade.
interstate-billing,Interstate Billing Service,,,C.H. Robinson approved factors PDF,https://www.chrobinson.com/en-us/-/media/chrobinson/documents/approved-factoring-companies.pdf,directory,CHR approved factoring companies list (updated 2019 PDF) — second-hand directory; Primary website not resolved in Phase 4; name retained from directory discovery,N,Unknown,fail,N,Incomplete,Unknown,Unknown,Incomplete — no verified published fee schedule in census; visible in search; cannot win All-In/best.,,2026-09-16,Prefer Incomplete over invented fees. Partner badge (if any) does not change grade.
ips-invoice-payment-system,IPS Invoice Payment System,https://ipsinvoice.com/,,C.H. Robinson approved factors PDF,https://www.chrobinson.com/en-us/-/media/chrobinson/documents/approved-factoring-companies.pdf,directory,CHR approved factoring companies list (updated 2019 PDF) — second-hand directory; Website guessed/listed but HTTP probe failed or inconclusive — treat as possibly dead; confirm before fee research,N,Unknown,fail,N,Incomplete,Unknown,Unknown,Incomplete — no verified published fee schedule in census; visible in search; cannot win All-In/best.,,2026-09-16,Prefer Incomplete over invented fees. Partner badge (if any) does not change grade.
ithrive-funding,iThrive Funding,https://www.ithrivefunding.com/,,C.H. Robinson approved factors PDF,https://www.chrobinson.com/en-us/-/media/chrobinson/documents/approved-factoring-companies.pdf,directory,CHR approved factoring companies list (updated 2019 PDF) — second-hand directory,N,Unknown,fail,N,Incomplete,Unknown,Unknown,Incomplete — no verified published fee schedule in census; visible in search; cannot win All-In/best.,,2026-09-16,Prefer Incomplete over invented fees. Partner badge (if any) does not change grade.
itruck-financial,iTruck Financial,https://itruckfinancial.com/,,C.H. Robinson approved factors PDF,https://www.chrobinson.com/en-us/-/media/chrobinson/documents/approved-factoring-companies.pdf,directory,CHR approved factoring companies list (updated 2019 PDF) — second-hand directory,N,Unknown,fail,N,Incomplete,Unknown,Unknown,Incomplete — no verified published fee schedule in census; visible in search; cannot win All-In/best.,,2026-09-16,Prefer Incomplete over invented fees. Partner badge (if any) does not change grade.
jd-financial,J&D Financial,https://www.jdfinancial.com/,,FactoringDirectory freight-trucking industry list,https://factoringdirectory.org/industry/freight-trucking/,directory,FactoringDirectory freight-trucking category — second-hand,N,Unknown,fail,N,Incomplete,Unknown,Unknown,Incomplete — no verified published fee schedule in census; visible in search; cannot win All-In/best.,,2026-09-16,Prefer Incomplete over invented fees. Partner badge (if any) does not change grade.
jac-financial,JAC Financial,https://jacfinancial.com/,,C.H. Robinson approved factors PDF,https://www.chrobinson.com/en-us/-/media/chrobinson/documents/approved-factoring-companies.pdf,directory,CHR approved factoring companies list (updated 2019 PDF) — second-hand directory,N,Unknown,fail,N,Incomplete,Unknown,Unknown,Incomplete — no verified published fee schedule in census; visible in search; cannot win All-In/best.,,2026-09-16,Prefer Incomplete over invented fees. Partner badge (if any) does not change grade.
jd-factors,JD Factors,https://www.jdfactors.com/,,C.H. Robinson approved factors PDF,https://www.chrobinson.com/en-us/-/media/chrobinson/documents/approved-factoring-companies.pdf,directory,CHR + FD; jdfactors.com; CHR approved factoring companies list (updated 2019 PDF) — second-hand directory,N,Unknown,fail,N,Incomplete,Unknown,Unknown,Incomplete — no verified published fee schedule in census; visible in search; cannot win All-In/best.,,2026-09-16,Prefer Incomplete over invented fees. Partner badge (if any) does not change grade.
jps-2004,JPS 2004,,,C.H. Robinson approved factors PDF,https://www.chrobinson.com/en-us/-/media/chrobinson/documents/approved-factoring-companies.pdf,directory,CHR approved factoring companies list (updated 2019 PDF) — second-hand directory; Primary website not resolved in Phase 4; name retained from directory discovery,N,Unknown,fail,N,Incomplete,Unknown,Unknown,Incomplete — no verified published fee schedule in census; visible in search; cannot win All-In/best.,,2026-09-16,Prefer Incomplete over invented fees. Partner badge (if any) does not change grade.
karolik,Karolik Group,,,C.H. Robinson approved factors PDF,https://www.chrobinson.com/en-us/-/media/chrobinson/documents/approved-factoring-companies.pdf,directory,CHR approved factoring companies list (updated 2019 PDF) — second-hand directory; Primary website not resolved in Phase 4; name retained from directory discovery,N,Unknown,fail,N,Incomplete,Unknown,Unknown,Incomplete — no verified published fee schedule in census; visible in search; cannot win All-In/best.,,2026-09-16,Prefer Incomplete over invented fees. Partner badge (if any) does not change grade.
kcm-factor,KCM Factor,https://kcmfactor.com/,,FactoringDirectory freight-trucking industry list,https://factoringdirectory.org/industry/freight-trucking/,directory,FactoringDirectory freight-trucking category — second-hand; Website guessed/listed but HTTP probe failed or inconclusive — treat as possibly dead; confirm before fee research,N,Unknown,fail,N,Incomplete,Unknown,Unknown,Incomplete — no verified published fee schedule in census; visible in search; cannot win All-In/best.,,2026-09-16,Prefer Incomplete over invented fees. Partner badge (if any) does not change grade.
koval-capital,Koval Capital,https://kovalcapital.com/,,C.H. Robinson approved factors PDF,https://www.chrobinson.com/en-us/-/media/chrobinson/documents/approved-factoring-companies.pdf,directory,CHR approved factoring companies list (updated 2019 PDF) — second-hand directory; Website guessed/listed but HTTP probe failed or inconclusive — treat as possibly dead; confirm before fee research,N,Unknown,fail,N,Incomplete,Unknown,Unknown,Incomplete — no verified published fee schedule in census; visible in search; cannot win All-In/best.,,2026-09-16,Prefer Incomplete over invented fees. Partner badge (if any) does not change grade.
kw-receivables,KW Receivables,https://kwreceivables.com/,,C.H. Robinson approved factors PDF,https://www.chrobinson.com/en-us/-/media/chrobinson/documents/approved-factoring-companies.pdf,directory,CHR approved factoring companies list (updated 2019 PDF) — second-hand directory,N,Unknown,fail,N,Incomplete,Unknown,Unknown,Incomplete — no verified published fee schedule in census; visible in search; cannot win All-In/best.,,2026-09-16,Prefer Incomplete over invented fees. Partner badge (if any) does not change grade.
liquid-capital-exchange,Liquid Capital Exchange,https://liquidcapitalcorp.com/,,C.H. Robinson approved factors PDF,https://www.chrobinson.com/en-us/-/media/chrobinson/documents/approved-factoring-companies.pdf,directory,Liquid Capital franchise network; TX franchise listed on FD; CHR approved factoring companies list (updated 2019 PDF) — second-hand directory,N,Unknown,fail,N,Incomplete,Unknown,Unknown,Incomplete — no verified published fee schedule in census; visible in search; cannot win All-In/best.,,2026-09-16,Prefer Incomplete over invented fees. Partner badge (if any) does not change grade.
lone-star-factors,Lone Star Factors,https://lonestarfactors.com/,,C.H. Robinson approved factors PDF,https://www.chrobinson.com/en-us/-/media/chrobinson/documents/approved-factoring-companies.pdf,directory,CHR approved factoring companies list (updated 2019 PDF) — second-hand directory; Website guessed/listed but HTTP probe failed or inconclusive — treat as possibly dead; confirm before fee research,N,Unknown,fail,N,Incomplete,Unknown,Unknown,Incomplete — no verified published fee schedule in census; visible in search; cannot win All-In/best.,,2026-09-16,Prefer Incomplete over invented fees. Partner badge (if any) does not change grade.
lsq-funding,LSQ Funding Group,,,C.H. Robinson approved factors PDF,https://www.chrobinson.com/en-us/-/media/chrobinson/documents/approved-factoring-companies.pdf,directory,CHR approved factoring companies list (updated 2019 PDF) — second-hand directory; Primary website not resolved in Phase 4; name retained from directory discovery,N,Unknown,fail,N,Incomplete,Unknown,Unknown,Incomplete — no verified published fee schedule in census; visible in search; cannot win All-In/best.,,2026-09-16,Prefer Incomplete over invented fees. Partner badge (if any) does not change grade.
magnolia-financial,Magnolia Financial,https://magfinancial.com/,,C.H. Robinson approved factors PDF,https://www.chrobinson.com/en-us/-/media/chrobinson/documents/approved-factoring-companies.pdf,directory,CHR approved factoring companies list (updated 2019 PDF) — second-hand directory,N,Unknown,fail,N,Incomplete,Unknown,Unknown,Incomplete — no verified published fee schedule in census; visible in search; cannot win All-In/best.,,2026-09-16,Prefer Incomplete over invented fees. Partner badge (if any) does not change grade.
mdr-capital,MDR Capital,https://mdrcapital.com/,,C.H. Robinson approved factors PDF,https://www.chrobinson.com/en-us/-/media/chrobinson/documents/approved-factoring-companies.pdf,directory,CHR approved factoring companies list (updated 2019 PDF) — second-hand directory; Website guessed/listed but HTTP probe failed or inconclusive — treat as possibly dead; confirm before fee research,N,Unknown,fail,N,Incomplete,Unknown,Unknown,Incomplete — no verified published fee schedule in census; visible in search; cannot win All-In/best.,,2026-09-16,Prefer Incomplete over invented fees. Partner badge (if any) does not change grade.
merchant-factors,Merchant Factors,https://www.merchantfactors.com/,,FactoringDirectory freight-trucking industry list,https://factoringdirectory.org/industry/freight-trucking/,directory,Traditional factor; FD freight category — confirm carrier marketing Phase 2; FactoringDirectory freight-trucking category — second-hand,N,Unknown,fail,N,Incomplete,Unknown,Unknown,Incomplete — no verified published fee schedule in census; visible in search; cannot win All-In/best.,,2026-09-16,Prefer Incomplete over invented fees. Partner badge (if any) does not change grade.
mercury-financial-solution,Mercury Financial Solution,https://mercuryfinancialsolution.com/,,C.H. Robinson approved factors PDF,https://www.chrobinson.com/en-us/-/media/chrobinson/documents/approved-factoring-companies.pdf,directory,CHR approved factoring companies list (updated 2019 PDF) — second-hand directory; Website guessed/listed but HTTP probe failed or inconclusive — treat as possibly dead; confirm before fee research,N,Unknown,fail,N,Incomplete,Unknown,Unknown,Incomplete — no verified published fee schedule in census; visible in search; cannot win All-In/best.,,2026-09-16,Prefer Incomplete over invented fees. Partner badge (if any) does not change grade.
meritus-capital,Meritus Capital,https://www.merituscapital.com,,FactoringDirectory freight-trucking industry list,https://factoringdirectory.org/industry/freight-trucking/,directory,FactoringDirectory freight-trucking category — second-hand,N,Unknown,fail,N,Incomplete,Unknown,Unknown,Incomplete — no verified published fee schedule in census; visible in search; cannot win All-In/best.,,2026-09-16,Prefer Incomplete over invented fees. Partner badge (if any) does not change grade.
millennium-funding,Millennium Funding,https://millenniumfunding.com/,,C.H. Robinson approved factors PDF,https://www.chrobinson.com/en-us/-/media/chrobinson/documents/approved-factoring-companies.pdf,directory,CHR approved factoring companies list (updated 2019 PDF) — second-hand directory; Website guessed/listed but HTTP probe failed or inconclusive — treat as possibly dead; confirm before fee research,N,Unknown,fail,N,Incomplete,Unknown,Unknown,Incomplete — no verified published fee schedule in census; visible in search; cannot win All-In/best.,,2026-09-16,Prefer Incomplete over invented fees. Partner badge (if any) does not change grade.
multi-service-factoring,Multi Service Factoring,https://multiservicefactoring.com/,,C.H. Robinson approved factors PDF,https://www.chrobinson.com/en-us/-/media/chrobinson/documents/approved-factoring-companies.pdf,directory,CHR approved factoring companies list (updated 2019 PDF) — second-hand directory; Website guessed/listed but HTTP probe failed or inconclusive — treat as possibly dead; confirm before fee research,N,Unknown,fail,N,Incomplete,Unknown,Unknown,Incomplete — no verified published fee schedule in census; visible in search; cannot win All-In/best.,,2026-09-16,Prefer Incomplete over invented fees. Partner badge (if any) does not change grade.
nationwide-capital-funding,Nationwide Capital Funding,https://nationwidecapitalfunding.com/,,FactoringDirectory freight-trucking industry list,https://factoringdirectory.org/industry/freight-trucking/,directory,FactoringDirectory freight-trucking category — second-hand,N,Unknown,fail,N,Incomplete,Unknown,Unknown,Incomplete — no verified published fee schedule in census; visible in search; cannot win All-In/best.,,2026-09-16,Prefer Incomplete over invented fees. Partner badge (if any) does not change grade.
nationwide-transport-finance,Nationwide Transport Finance,http://www.ntfusa.com/,NV Las Vegas,QuickTransportSolutions freight-factoring directory,https://www.quicktransportsolutions.com/freight-factoring-companies.php,directory,QTS + FD; ntfusa.com; QuickTransportSolutions freight-factoring directory — second-hand; Website guessed/listed but HTTP probe failed or inconclusive — treat as possibly dead; confirm before fee research,N,Unknown,fail,N,Incomplete,Unknown,Unknown,Incomplete — no verified published fee schedule in census; visible in search; cannot win All-In/best.,,2026-09-16,Prefer Incomplete over invented fees. Partner badge (if any) does not change grade.
new-century-financial,New Century Financial,https://www.newcenturyfinancial.com/,TX The Woodlands,QuickTransportSolutions freight-factoring directory,https://www.quicktransportsolutions.com/freight-factoring-companies.php,directory,QuickTransportSolutions freight-factoring directory — second-hand; Website guessed/listed but HTTP probe failed or inconclusive — treat as possibly dead; confirm before fee research,N,Unknown,fail,N,Incomplete,Unknown,Unknown,Incomplete — no verified published fee schedule in census; visible in search; cannot win All-In/best.,,2026-09-16,Prefer Incomplete over invented fees. Partner badge (if any) does not change grade.
nfusion-capital,nFusion Capital,https://nfusioncapital.com/,,C.H. Robinson approved factors PDF,https://www.chrobinson.com/en-us/-/media/chrobinson/documents/approved-factoring-companies.pdf,directory,CHR approved factoring companies list (updated 2019 PDF) — second-hand directory,N,Unknown,fail,N,Incomplete,Unknown,Unknown,Incomplete — no verified published fee schedule in census; visible in search; cannot win All-In/best.,,2026-09-16,Prefer Incomplete over invented fees. Partner badge (if any) does not change grade.
north-mill-capital,North Mill Capital,https://slrbusinesscredit.com/,,C.H. Robinson approved factors PDF,https://www.chrobinson.com/en-us/-/media/chrobinson/documents/approved-factoring-companies.pdf,directory,ABL/factoring; confirm freight carrier focus Phase 2; CHR approved factoring companies list (updated 2019 PDF) — second-hand directory,N,Unknown,fail,N,Incomplete,Unknown,Unknown,Incomplete — no verified published fee schedule in census; visible in search; cannot win All-In/best.,,2026-09-16,Prefer Incomplete over invented fees. Partner badge (if any) does not change grade.
northwest-capital,Northwest Capital,https://northwestcapital.com/,,FactoringDirectory freight-trucking industry list,https://factoringdirectory.org/industry/freight-trucking/,directory,FactoringDirectory freight-trucking category — second-hand; Website guessed/listed but HTTP probe failed or inconclusive — treat as possibly dead; confirm before fee research,N,Unknown,fail,N,Incomplete,Unknown,Unknown,Incomplete — no verified published fee schedule in census; visible in search; cannot win All-In/best.,,2026-09-16,Prefer Incomplete over invented fees. Partner badge (if any) does not change grade.
operfi,OperFi (Operation Finance),https://operfi.com/,TX Cedar Hill / Dallas area,C.H. Robinson approved factors PDF,https://www.chrobinson.com/en-us/-/media/chrobinson/documents/approved-factoring-companies.pdf,directory,aka Operation Finance; CHR approved factor; CHR approved factoring companies list (updated 2019 PDF) — second-hand directory,N,Unknown,fail,N,Incomplete,Unknown,Unknown,Incomplete — no verified published fee schedule in census; visible in search; cannot win All-In/best.,,2026-09-16,Prefer Incomplete over invented fees. Partner badge (if any) does not change grade.
palm-coast-financial,Palm Coast Financial,https://palmcoastfinancial.com/,,C.H. Robinson approved factors PDF,https://www.chrobinson.com/en-us/-/media/chrobinson/documents/approved-factoring-companies.pdf,directory,CHR approved factoring companies list (updated 2019 PDF) — second-hand directory; Website guessed/listed but HTTP probe failed or inconclusive — treat as possibly dead; confirm before fee research,N,Unknown,fail,N,Incomplete,Unknown,Unknown,Incomplete — no verified published fee schedule in census; visible in search; cannot win All-In/best.,,2026-09-16,Prefer Incomplete over invented fees. Partner badge (if any) does not change grade.
partners-funding,Partners Funding,https://partnersfundinginc.com/,,C.H. Robinson approved factors PDF,https://www.chrobinson.com/en-us/-/media/chrobinson/documents/approved-factoring-companies.pdf,directory,CHR approved factoring companies list (updated 2019 PDF) — second-hand directory,N,Unknown,fail,N,Incomplete,Unknown,Unknown,Incomplete — no verified published fee schedule in census; visible in search; cannot win All-In/best.,,2026-09-16,Prefer Incomplete over invented fees. Partner badge (if any) does not change grade.
pdm-financial,PDM Financial,https://flexentfreight.com/,,C.H. Robinson approved factors PDF,https://www.chrobinson.com/en-us/-/media/chrobinson/documents/approved-factoring-companies.pdf,directory,CHR approved factoring companies list (updated 2019 PDF) — second-hand directory,N,Unknown,fail,N,Incomplete,Unknown,Unknown,Incomplete — no verified published fee schedule in census; visible in search; cannot win All-In/best.,,2026-09-16,Prefer Incomplete over invented fees. Partner badge (if any) does not change grade.
pfi-financial,PFI Financial,https://pfifinancial.com/,,FactoringDirectory freight-trucking industry list,https://factoringdirectory.org/industry/freight-trucking/,directory,FactoringDirectory freight-trucking category — second-hand; Website guessed/listed but HTTP probe failed or inconclusive — treat as possibly dead; confirm before fee research,N,Unknown,fail,N,Incomplete,Unknown,Unknown,Incomplete — no verified published fee schedule in census; visible in search; cannot win All-In/best.,,2026-09-16,Prefer Incomplete over invented fees. Partner badge (if any) does not change grade.
pine-street-factoring,Pine Street Factoring,https://pinestreetfactoring.com/,,C.H. Robinson approved factors PDF,https://www.chrobinson.com/en-us/-/media/chrobinson/documents/approved-factoring-companies.pdf,directory,CHR approved factoring companies list (updated 2019 PDF) — second-hand directory; Website guessed/listed but HTTP probe failed or inconclusive — treat as possibly dead; confirm before fee research,N,Unknown,fail,N,Incomplete,Unknown,Unknown,Incomplete — no verified published fee schedule in census; visible in search; cannot win All-In/best.,,2026-09-16,Prefer Incomplete over invented fees. Partner badge (if any) does not change grade.
power-funding,Power Funding,https://powerfunding.com/,,C.H. Robinson approved factors PDF,https://www.chrobinson.com/en-us/-/media/chrobinson/documents/approved-factoring-companies.pdf,directory,CHR approved factoring companies list (updated 2019 PDF) — second-hand directory; Website guessed/listed but HTTP probe failed or inconclusive — treat as possibly dead; confirm before fee research,N,Unknown,fail,N,Incomplete,Unknown,Unknown,Incomplete — no verified published fee schedule in census; visible in search; cannot win All-In/best.,,2026-09-16,Prefer Incomplete over invented fees. Partner badge (if any) does not change grade.
pro-funding,Pro Funding,https://profunding.com/,,C.H. Robinson approved factors PDF,https://www.chrobinson.com/en-us/-/media/chrobinson/documents/approved-factoring-companies.pdf,directory,CHR approved factoring companies list (updated 2019 PDF) — second-hand directory,N,Unknown,fail,N,Incomplete,Unknown,Unknown,Incomplete — no verified published fee schedule in census; visible in search; cannot win All-In/best.,,2026-09-16,Prefer Incomplete over invented fees. Partner badge (if any) does not change grade.
ptl-funding,PTL Funding,https://ptlfunding.com/,,C.H. Robinson approved factors PDF,https://www.chrobinson.com/en-us/-/media/chrobinson/documents/approved-factoring-companies.pdf,directory,CHR approved factoring companies list (updated 2019 PDF) — second-hand directory; Website guessed/listed but HTTP probe failed or inconclusive — treat as possibly dead; confirm before fee research,N,Unknown,fail,N,Incomplete,Unknown,Unknown,Incomplete — no verified published fee schedule in census; visible in search; cannot win All-In/best.,,2026-09-16,Prefer Incomplete over invented fees. Partner badge (if any) does not change grade.
qc-capital-solutions,QC Capital Solutions,https://qccapitalsolutions.com/,,C.H. Robinson approved factors PDF,https://www.chrobinson.com/en-us/-/media/chrobinson/documents/approved-factoring-companies.pdf,directory,CHR approved factoring companies list (updated 2019 PDF) — second-hand directory; Website guessed/listed but HTTP probe failed or inconclusive — treat as possibly dead; confirm before fee research,N,Unknown,fail,N,Incomplete,Unknown,Unknown,Incomplete — no verified published fee schedule in census; visible in search; cannot win All-In/best.,,2026-09-16,Prefer Incomplete over invented fees. Partner badge (if any) does not change grade.
qp-capital,QP Capital,https://qpcapital.com/,,C.H. Robinson approved factors PDF,https://www.chrobinson.com/en-us/-/media/chrobinson/documents/approved-factoring-companies.pdf,directory,CHR approved factoring companies list (updated 2019 PDF) — second-hand directory; Website guessed/listed but HTTP probe failed or inconclusive — treat as possibly dead; confirm before fee research,N,Unknown,fail,N,Incomplete,Unknown,Unknown,Incomplete — no verified published fee schedule in census; visible in search; cannot win All-In/best.,,2026-09-16,Prefer Incomplete over invented fees. Partner badge (if any) does not change grade.
quasar-capital-partners,Quasar Capital Partners,https://quasarcapital.com/,,FactoringDirectory freight-trucking industry list,https://factoringdirectory.org/industry/freight-trucking/,directory,FactoringDirectory freight-trucking category — second-hand,N,Unknown,fail,N,Incomplete,Unknown,Unknown,Incomplete — no verified published fee schedule in census; visible in search; cannot win All-In/best.,,2026-09-16,Prefer Incomplete over invented fees. Partner badge (if any) does not change grade.
quick-freight-factors,Quick Freight Factors,https://quickfreightfactors.com/,,C.H. Robinson approved factors PDF,https://www.chrobinson.com/en-us/-/media/chrobinson/documents/approved-factoring-companies.pdf,directory,CHR approved factoring companies list (updated 2019 PDF) — second-hand directory; Website guessed/listed but HTTP probe failed or inconclusive — treat as possibly dead; confirm before fee research,N,Unknown,fail,N,Incomplete,Unknown,Unknown,Incomplete — no verified published fee schedule in census; visible in search; cannot win All-In/best.,,2026-09-16,Prefer Incomplete over invented fees. Partner badge (if any) does not change grade.
rds-funding,RDS Funding,https://rdsfunding.com/,,C.H. Robinson approved factors PDF,https://www.chrobinson.com/en-us/-/media/chrobinson/documents/approved-factoring-companies.pdf,directory,CHR approved factoring companies list (updated 2019 PDF) — second-hand directory,N,Unknown,fail,N,Incomplete,Unknown,Unknown,Incomplete — no verified published fee schedule in census; visible in search; cannot win All-In/best.,,2026-09-16,Prefer Incomplete over invented fees. Partner badge (if any) does not change grade.
republic-business-credit,Republic Business Credit,https://www.republicbc.com/,,C.H. Robinson approved factors PDF,https://www.chrobinson.com/en-us/-/media/chrobinson/documents/approved-factoring-companies.pdf,directory,CHR approved; aka Greystone Commercial per CHR text; CHR approved factoring companies list (updated 2019 PDF) — second-hand directory,N,Unknown,fail,N,Incomplete,Unknown,Unknown,Incomplete — no verified published fee schedule in census; visible in search; cannot win All-In/best.,,2026-09-16,Prefer Incomplete over invented fees. Partner badge (if any) does not change grade.
revolution-capital,Revolution Capital,https://revinc.com/,,C.H. Robinson approved factors PDF,https://www.chrobinson.com/en-us/-/media/chrobinson/documents/approved-factoring-companies.pdf,directory,CHR approved factoring companies list (updated 2019 PDF) — second-hand directory,N,Unknown,fail,N,Incomplete,Unknown,Unknown,Incomplete — no verified published fee schedule in census; visible in search; cannot win All-In/best.,,2026-09-16,Prefer Incomplete over invented fees. Partner badge (if any) does not change grade.
robinson-factors,Robinson Factors,https://robinsonfactors.com/,,FactoringDirectory freight-trucking industry list,https://factoringdirectory.org/industry/freight-trucking/,directory,FactoringDirectory freight-trucking category — second-hand; Website guessed/listed but HTTP probe failed or inconclusive — treat as possibly dead; confirm before fee research,N,Unknown,fail,N,Incomplete,Unknown,Unknown,Incomplete — no verified published fee schedule in census; visible in search; cannot win All-In/best.,,2026-09-16,Prefer Incomplete over invented fees. Partner badge (if any) does not change grade.
rosenthal-rosenthal,Rosenthal & Rosenthal,https://www.rosenthalinc.com/,,FactoringDirectory freight-trucking industry list,https://factoringdirectory.org/industry/freight-trucking/,directory,Large traditional factor; FD freight category — confirm carrier marketing Phase 2; FactoringDirectory freight-trucking category — second-hand,N,Unknown,fail,N,Incomplete,Unknown,Unknown,Incomplete — no verified published fee schedule in census; visible in search; cannot win All-In/best.,,2026-09-16,Prefer Incomplete over invented fees. Partner badge (if any) does not change grade.
round-table-financial,Round Table Financial,https://rtfinancialgroup.com/,CA Newport Beach,FactoringDirectory freight-trucking industry list,https://factoringdirectory.org/industry/freight-trucking/,directory,FactoringDirectory freight-trucking category — second-hand,N,Unknown,fail,N,Incomplete,Unknown,Unknown,Incomplete — no verified published fee schedule in census; visible in search; cannot win All-In/best.,,2026-09-16,Prefer Incomplete over invented fees. Partner badge (if any) does not change grade.
rover180-funding,Rover180 Funding,https://rover180.com/,,C.H. Robinson approved factors PDF,https://www.chrobinson.com/en-us/-/media/chrobinson/documents/approved-factoring-companies.pdf,directory,CHR approved factoring companies list (updated 2019 PDF) — second-hand directory; Website guessed/listed but HTTP probe failed or inconclusive — treat as possibly dead; confirm before fee research,N,Unknown,fail,N,Incomplete,Unknown,Unknown,Incomplete — no verified published fee schedule in census; visible in search; cannot win All-In/best.,,2026-09-16,Prefer Incomplete over invented fees. Partner badge (if any) does not change grade.
royal-financial,Royal Financial,https://royalfinancial.com/,,C.H. Robinson approved factors PDF,https://www.chrobinson.com/en-us/-/media/chrobinson/documents/approved-factoring-companies.pdf,directory,CHR approved factoring companies list (updated 2019 PDF) — second-hand directory; Website guessed/listed but HTTP probe failed or inconclusive — treat as possibly dead; confirm before fee research,N,Unknown,fail,N,Incomplete,Unknown,Unknown,Incomplete — no verified published fee schedule in census; visible in search; cannot win All-In/best.,,2026-09-16,Prefer Incomplete over invented fees. Partner badge (if any) does not change grade.
royalty-capital,Royalty Capital,https://royaltycapital.com/,,C.H. Robinson approved factors PDF,https://www.chrobinson.com/en-us/-/media/chrobinson/documents/approved-factoring-companies.pdf,directory,CHR approved factoring companies list (updated 2019 PDF) — second-hand directory; Website guessed/listed but HTTP probe failed or inconclusive — treat as possibly dead; confirm before fee research,N,Unknown,fail,N,Incomplete,Unknown,Unknown,Incomplete — no verified published fee schedule in census; visible in search; cannot win All-In/best.,,2026-09-16,Prefer Incomplete over invented fees. Partner badge (if any) does not change grade.
saxon-capital,Saxon Capital,https://saxoncapital.com/,,C.H. Robinson approved factors PDF,https://www.chrobinson.com/en-us/-/media/chrobinson/documents/approved-factoring-companies.pdf,directory,CHR approved factoring companies list (updated 2019 PDF) — second-hand directory; Website guessed/listed but HTTP probe failed or inconclusive — treat as possibly dead; confirm before fee research,N,Unknown,fail,N,Incomplete,Unknown,Unknown,Incomplete — no verified published fee schedule in census; visible in search; cannot win All-In/best.,,2026-09-16,Prefer Incomplete over invented fees. Partner badge (if any) does not change grade.
seven-oaks-capital,Seven Oaks Capital,http://www.sevenoakscapital.com/,,C.H. Robinson approved factors PDF,https://www.chrobinson.com/en-us/-/media/chrobinson/documents/approved-factoring-companies.pdf,directory,CHR approved factoring companies list (updated 2019 PDF) — second-hand directory; Website guessed/listed but HTTP probe failed or inconclusive — treat as possibly dead; confirm before fee research,N,Unknown,fail,N,Incomplete,Unknown,Unknown,Incomplete — no verified published fee schedule in census; visible in search; cannot win All-In/best.,,2026-09-16,Prefer Incomplete over invented fees. Partner badge (if any) does not change grade.
sierra-finance,Sierra Finance,https://sierrafinance.com/,,C.H. Robinson approved factors PDF,https://www.chrobinson.com/en-us/-/media/chrobinson/documents/approved-factoring-companies.pdf,directory,CHR approved factoring companies list (updated 2019 PDF) — second-hand directory; Website guessed/listed but HTTP probe failed or inconclusive — treat as possibly dead; confirm before fee research,N,Unknown,fail,N,Incomplete,Unknown,Unknown,Incomplete — no verified published fee schedule in census; visible in search; cannot win All-In/best.,,2026-09-16,Prefer Incomplete over invented fees. Partner badge (if any) does not change grade.
southstar-capital,SouthStar Capital,https://southstarcapital.com/,SC Charleston area,C.H. Robinson approved factors PDF,https://www.chrobinson.com/en-us/-/media/chrobinson/documents/approved-factoring-companies.pdf,directory,CHR approved factoring companies list (updated 2019 PDF) — second-hand directory,N,Unknown,fail,N,Incomplete,Unknown,Unknown,Incomplete — no verified published fee schedule in census; visible in search; cannot win All-In/best.,,2026-09-16,Prefer Incomplete over invented fees. Partner badge (if any) does not change grade.
southwest-funding-solutions,Southwest Funding Solutions,https://southwestfundingsolutions.com/,,FactoringDirectory freight-trucking industry list,https://factoringdirectory.org/industry/freight-trucking/,directory,FactoringDirectory freight-trucking category — second-hand; Website guessed/listed but HTTP probe failed or inconclusive — treat as possibly dead; confirm before fee research,N,Unknown,fail,N,Incomplete,Unknown,Unknown,Incomplete — no verified published fee schedule in census; visible in search; cannot win All-In/best.,,2026-09-16,Prefer Incomplete over invented fees. Partner badge (if any) does not change grade.
ss-brown-funding,SS Brown Funding,https://ssbrownfunding.com/,,C.H. Robinson approved factors PDF,https://www.chrobinson.com/en-us/-/media/chrobinson/documents/approved-factoring-companies.pdf,directory,CHR approved factoring companies list (updated 2019 PDF) — second-hand directory,N,Unknown,fail,N,Incomplete,Unknown,Unknown,Incomplete — no verified published fee schedule in census; visible in search; cannot win All-In/best.,,2026-09-16,Prefer Incomplete over invented fees. Partner badge (if any) does not change grade.
sterling-commercial-credit,Sterling Commercial Credit,https://www.sterlingcommercialcredit.com/,,C.H. Robinson approved factors PDF,https://www.chrobinson.com/en-us/-/media/chrobinson/documents/approved-factoring-companies.pdf,directory,CHR approved factoring companies list (updated 2019 PDF) — second-hand directory,N,Unknown,fail,N,Incomplete,Unknown,Unknown,Incomplete — no verified published fee schedule in census; visible in search; cannot win All-In/best.,,2026-09-16,Prefer Incomplete over invented fees. Partner badge (if any) does not change grade.
summit-financial-resources,Summit Financial Resources,https://www.summitfin.com/,,C.H. Robinson approved factors PDF,https://www.chrobinson.com/en-us/-/media/chrobinson/documents/approved-factoring-companies.pdf,directory,ABL/factoring; CHR approved — confirm freight marketing in Phase 2; CHR approved factoring companies list (updated 2019 PDF) — second-hand directory,N,Unknown,fail,N,Incomplete,Unknown,Unknown,Incomplete — no verified published fee schedule in census; visible in search; cannot win All-In/best.,,2026-09-16,Prefer Incomplete over invented fees. Partner badge (if any) does not change grade.
sureline-capital,SureLine Capital,https://surelinecapital.com/,,C.H. Robinson approved factors PDF,https://www.chrobinson.com/en-us/-/media/chrobinson/documents/approved-factoring-companies.pdf,directory,CHR approved factoring companies list (updated 2019 PDF) — second-hand directory,N,Unknown,fail,N,Incomplete,Unknown,Unknown,Incomplete — no verified published fee schedule in census; visible in search; cannot win All-In/best.,,2026-09-16,Prefer Incomplete over invented fees. Partner badge (if any) does not change grade.
graystone-capital,SV Business Capital,https://svbusinesscapital.com/,,FactoringDirectory freight-trucking industry list,https://factoringdirectory.org/industry/freight-trucking/,directory,aka Graystone Capital; now SV Business Capital; FactoringDirectory freight-trucking category — second-hand,N,Unknown,fail,N,Incomplete,Unknown,Unknown,Incomplete — no verified published fee schedule in census; visible in search; cannot win All-In/best.,,2026-09-16,Prefer Incomplete over invented fees. Partner badge (if any) does not change grade.
sword-gate-capital,Sword Gate Capital,https://swordgatecapital.com/,,C.H. Robinson approved factors PDF,https://www.chrobinson.com/en-us/-/media/chrobinson/documents/approved-factoring-companies.pdf,directory,CHR approved factoring companies list (updated 2019 PDF) — second-hand directory; Website guessed/listed but HTTP probe failed or inconclusive — treat as possibly dead; confirm before fee research,N,Unknown,fail,N,Incomplete,Unknown,Unknown,Incomplete — no verified published fee schedule in census; visible in search; cannot win All-In/best.,,2026-09-16,Prefer Incomplete over invented fees. Partner badge (if any) does not change grade.
third-coast-commercial-capital,Third Coast Commercial Capital,https://thirdcoastcapital.com/,,C.H. Robinson approved factors PDF,https://www.chrobinson.com/en-us/-/media/chrobinson/documents/approved-factoring-companies.pdf,directory,CHR approved factoring companies list (updated 2019 PDF) — second-hand directory; Website guessed/listed but HTTP probe failed or inconclusive — treat as possibly dead; confirm before fee research,N,Unknown,fail,N,Incomplete,Unknown,Unknown,Incomplete — no verified published fee schedule in census; visible in search; cannot win All-In/best.,,2026-09-16,Prefer Incomplete over invented fees. Partner badge (if any) does not change grade.
total-quick-pay,Total Quick Pay,https://totalquickpay.com/,,C.H. Robinson approved factors PDF,https://www.chrobinson.com/en-us/-/media/chrobinson/documents/approved-factoring-companies.pdf,directory,CHR approved factoring companies list (updated 2019 PDF) — second-hand directory; Website guessed/listed but HTTP probe failed or inconclusive — treat as possibly dead; confirm before fee research,N,Unknown,fail,N,Incomplete,Unknown,Unknown,Incomplete — no verified published fee schedule in census; visible in search; cannot win All-In/best.,,2026-09-16,Prefer Incomplete over invented fees. Partner badge (if any) does not change grade.
ds-concept-factoring,Tradewind Finance,https://www.tradewindfinance.com/,,FactoringDirectory freight-trucking industry list,https://factoringdirectory.org/industry/freight-trucking/,directory,aka DS-Concept Factoring; Tradewind Finance site; FactoringDirectory freight-trucking category — second-hand,N,Unknown,fail,N,Incomplete,Unknown,Unknown,Incomplete — no verified published fee schedule in census; visible in search; cannot win All-In/best.,,2026-09-16,Prefer Incomplete over invented fees. Partner badge (if any) does not change grade.
transport-clearings-east,Transport Clearings East,https://www.tceast.com/,,C.H. Robinson approved factors PDF,https://www.chrobinson.com/en-us/-/media/chrobinson/documents/approved-factoring-companies.pdf,directory,CHR approved; classic transport clearings / TCE; CHR approved factoring companies list (updated 2019 PDF) — second-hand directory,N,Unknown,fail,N,Incomplete,Unknown,Unknown,Incomplete — no verified published fee schedule in census; visible in search; cannot win All-In/best.,,2026-09-16,Prefer Incomplete over invented fees. Partner badge (if any) does not change grade.
transport-financial-solutions,Transport Financial Solutions,https://transportfinancialsolutions.com/,,C.H. Robinson approved factors PDF,https://www.chrobinson.com/en-us/-/media/chrobinson/documents/approved-factoring-companies.pdf,directory,CHR approved factoring companies list (updated 2019 PDF) — second-hand directory; Website guessed/listed but HTTP probe failed or inconclusive — treat as possibly dead; confirm before fee research,N,Unknown,fail,N,Incomplete,Unknown,Unknown,Incomplete — no verified published fee schedule in census; visible in search; cannot win All-In/best.,,2026-09-16,Prefer Incomplete over invented fees. Partner badge (if any) does not change grade.
treadstone-us-capital,Treadstone US Capital,https://treadstoneuscapital.com/,,C.H. Robinson approved factors PDF,https://www.chrobinson.com/en-us/-/media/chrobinson/documents/approved-factoring-companies.pdf,directory,CHR approved factoring companies list (updated 2019 PDF) — second-hand directory; Website guessed/listed but HTTP probe failed or inconclusive — treat as possibly dead; confirm before fee research,N,Unknown,fail,N,Incomplete,Unknown,Unknown,Incomplete — no verified published fee schedule in census; visible in search; cannot win All-In/best.,,2026-09-16,Prefer Incomplete over invented fees. Partner badge (if any) does not change grade.
tricom-funding,Tricom Funding,https://www.tricomfund.com/,,FactoringDirectory freight-trucking industry list,https://factoringdirectory.org/industry/freight-trucking/,directory,FactoringDirectory freight-trucking category — second-hand; Website guessed/listed but HTTP probe failed or inconclusive — treat as possibly dead; confirm before fee research,N,Unknown,fail,N,Incomplete,Unknown,Unknown,Incomplete — no verified published fee schedule in census; visible in search; cannot win All-In/best.,,2026-09-16,Prefer Incomplete over invented fees. Partner badge (if any) does not change grade.
trucking-pros-financial,Trucking Pros Financial,https://tpfactoring.com:443/,,C.H. Robinson approved factors PDF,https://www.chrobinson.com/en-us/-/media/chrobinson/documents/approved-factoring-companies.pdf,directory,CHR approved factoring companies list (updated 2019 PDF) — second-hand directory,N,Unknown,fail,N,Incomplete,Unknown,Unknown,Incomplete — no verified published fee schedule in census; visible in search; cannot win All-In/best.,,2026-09-16,Prefer Incomplete over invented fees. Partner badge (if any) does not change grade.
txp-capital,TXP Capital,https://txpcapital.com/,,C.H. Robinson approved factors PDF,https://www.chrobinson.com/en-us/-/media/chrobinson/documents/approved-factoring-companies.pdf,directory,CHR approved factoring companies list (updated 2019 PDF) — second-hand directory,N,Unknown,fail,N,Incomplete,Unknown,Unknown,Incomplete — no verified published fee schedule in census; visible in search; cannot win All-In/best.,,2026-09-16,Prefer Incomplete over invented fees. Partner badge (if any) does not change grade.
united-california-discount,United California Discount (UC Factors),https://ucdc.com/,,C.H. Robinson approved factors PDF,https://www.chrobinson.com/en-us/-/media/chrobinson/documents/approved-factoring-companies.pdf,directory,CHR approved factoring companies list (updated 2019 PDF) — second-hand directory; Website guessed/listed but HTTP probe failed or inconclusive — treat as possibly dead; confirm before fee research,N,Unknown,fail,N,Incomplete,Unknown,Unknown,Incomplete — no verified published fee schedule in census; visible in search; cannot win All-In/best.,,2026-09-16,Prefer Incomplete over invented fees. Partner badge (if any) does not change grade.
universal-funding,Universal Funding,https://www.universalfunding.com/,,InvoiceFactoringIndex freight rate index,https://invoicefactoringindex.com/freight-factoring/rates/,listicle,Listicle discovery — second-hand; verify primary site,N,Unknown,fail,N,Incomplete,Unknown,Unknown,Incomplete — no verified published fee schedule in census; visible in search; cannot win All-In/best.,,2026-09-16,Prefer Incomplete over invented fees. Partner badge (if any) does not change grade.
vertex-financial,Vertex Financial,http://www.vertexfinancial.com/,,FactoringDirectory freight-trucking industry list,https://factoringdirectory.org/industry/freight-trucking/,directory,FactoringDirectory freight-trucking category — second-hand,N,Unknown,fail,N,Incomplete,Unknown,Unknown,Incomplete — no verified published fee schedule in census; visible in search; cannot win All-In/best.,,2026-09-16,Prefer Incomplete over invented fees. Partner badge (if any) does not change grade.
vision-factoring,Vision Factoring,https://visionfactoring.com/,,C.H. Robinson approved factors PDF,https://www.chrobinson.com/en-us/-/media/chrobinson/documents/approved-factoring-companies.pdf,directory,CHR approved factoring companies list (updated 2019 PDF) — second-hand directory,N,Unknown,fail,N,Incomplete,Unknown,Unknown,Incomplete — no verified published fee schedule in census; visible in search; cannot win All-In/best.,,2026-09-16,Prefer Incomplete over invented fees. Partner badge (if any) does not change grade.
wintrust-receivables-finance,Wintrust Receivables Finance,https://www.wintrust.com/business/specialty-finance/receivables-finance.html,,C.H. Robinson approved factors PDF,https://www.chrobinson.com/en-us/-/media/chrobinson/documents/approved-factoring-companies.pdf,directory,Bank receivables finance; CHR approved — confirm carrier-facing freight marketing in Phase 2; CHR approved factoring companies list (updated 2019 PDF) — second-hand directory,N,Unknown,fail,N,Incomplete,Unknown,Unknown,Incomplete — no verified published fee schedule in census; visible in search; cannot win All-In/best.,,2026-09-16,Prefer Incomplete over invented fees. Partner badge (if any) does not change grade.
xfactors-financial,XFactors Financial,https://xfactorsfinancial.com/,,C.H. Robinson approved factors PDF,https://www.chrobinson.com/en-us/-/media/chrobinson/documents/approved-factoring-companies.pdf,directory,CHR approved factoring companies list (updated 2019 PDF) — second-hand directory; Website guessed/listed but HTTP probe failed or inconclusive — treat as possibly dead; confirm before fee research,N,Unknown,fail,N,Incomplete,Unknown,Unknown,Incomplete — no verified published fee schedule in census; visible in search; cannot win All-In/best.,,2026-09-16,Prefer Incomplete over invented fees. Partner badge (if any) does not change grade.
yankton-factoring,Yankton Factoring,https://yanktonfactoring.com/,,C.H. Robinson approved factors PDF,https://www.chrobinson.com/en-us/-/media/chrobinson/documents/approved-factoring-companies.pdf,directory,CHR approved factoring companies list (updated 2019 PDF) — second-hand directory,N,Unknown,fail,N,Incomplete,Unknown,Unknown,Incomplete — no verified published fee schedule in census; visible in search; cannot win All-In/best.,,2026-09-16,Prefer Incomplete over invented fees. Partner badge (if any) does not change grade.
